	第4層	第4層_語	第4層_語(英語)
0	PR-01-01-01	患者や社会に対して誠実である行動とはどのようなものかを考え、そのように行動する (利益相反等)。	Consider what behavior is in integrity to patients and society and act accordingly (e.g., conflicts of interest).
1	PR-01-01-02	社会から信頼される専門職集団の一員であるためにはどのように行動すべきかを考え、行動する。	Think and act on how to be a member of a professional group that is trusted by society.
2	PR-01-02-01	自分自身の限界を適切に認識し行動する。	Appropriately recognize and act on one's own limitations.
3	PR-01-02-02	他者からのフィードバックを適切に受け入れる。	Accept feedback from others as appropriate.
4	PR-02-01-01	患者を含めた他者に思いやりをもって接する。	Treat others, including patients, with compassion.
5	PR-02-01-02	他者に思いやりをもって接することができない場合の原因・背景を考える。	Consider the causes and background of the inability to treat others with compassion.
6	PR-02-02-01	自身の想像力の限界を認識した上で、他者を理解することに努める。	Recognizing the limits of our own imagination, we strive to understand others.
7	PR-02-02-02	他者を適切に理解するための妨げとなる自分や自集団の偏見とはどのようなものか考え、意識して行動する。	Think about and be aware of what kinds of prejudices you and your own group have that hinder you from properly understanding others.
8	PR-02-03-01	医師に求められる品格とはどのようなものかを考え、それを備えるように努める。	Consider what kind of dignity is expected of physicians and strive to have it.
9	PR-02-03-02	礼儀正しく振る舞う。	Behave politely.
10	PR-03-01-01	人の生命に深く関わる医師に相応しい教養を身につける。	Acquire an education appropriate for physicians who are deeply involved in human life.
11	PR-03-01-02	答えのない問いについて考え続ける。	Keep thinking about the unanswered questions.
12	PR-04-01-01	生と死に関わる倫理的問題の概要を理解している。	An overview of the ethical issues involved in life and death.
13	PR-04-01-02	多様な価値観を理解して、多職種と連携し、自己決定権を含む患者の権利を尊重する。	Understand diverse values, collaborate with multiple professions, and respect patients' rights, including the right to self-determination.
14	PR-04-01-03	診療現場における倫理的問題について、倫理学の考え方に依拠し、分析した上で、自身の考えを述べることができる。	Can express his/her own opinion on ethical issues in medical practice, relying on and analyzing the concept of ethics.
15	GE-01-01-01	臓器横断的に医学的課題を捉えることができる。	Capable of perceiving medical issues from a cross organ perspective.
16	GE-01-01-02	適切な医療機関や診療科につなぐ重要性を理解している。	Understands the importance of connecting the patient to the appropriate medical facility and department.
17	GE-01-01-03	基本的なフレームワーク（頻度・重症度・緊急度、解剖学的アプローチ、病態生理学的アプローチ、二重過程理論、事前確率等）を用いて臨床推論を行うことができる。	Can perform clinical reasoning using basic frameworks (frequency, severity, urgency, anatomical approach, pathophysiological approach, dual process theory, prior probability, etc.).
18	GE-01-01-04	主訴に応じて、必要な医療面接・身体診察・検査を実施できる。	Can conduct necessary medical interviews, physical examinations, and tests according to the chief complaint.
19	GE-01-01-05	診断がつかない健康問題やその介入方法の概要を理解している。	Understands undiagnosed health problems and an overview of how to intervene.
20	GE-01-01-06	多疾患が併存した状態及び複数臓器にまたがる疾患について、その介入方法の概要を理解している。	Understand the overview of interventions for multimorbid co-morbid conditions and diseases that span multiple organs.
21	GE-01-01-07	ポリファーマシーとその介入方法の概要を理解している。	Understand polypharmacy and an overview of how to intervene.
22	GE-01-02-01	身体・心理・社会の問題を統合したアプローチを理解している。	Understand the integrated approach to physical, psychological, and social issues.
23	GE-01-02-02	個人・家族の双方への影響を踏まえたアプローチを理解している。	Understand the approach based on the impact on both the individual and the family.
24	GE-01-03-01	個々の患者の医療への期待、解釈モデル、健康観を聞き出すことができる。	Elicit individual patients' medical expectations, interpretive models, and health perspectives.
25	GE-01-03-02	患者の社会的背景（経済的・制度的側面等）が病いに及ぼす影響を理解している。	Understand the influence of the patient's social background (economic, institutional aspects, etc.) on the disease.
26	GE-01-03-03	医療の継続性（時間・情報・関係等）がもたらす影響の概要を理解している。	Understand an overview of the impact of the continuum of healthcare (time, information, relationships, etc.).
27	GE-01-04-01	根拠に基づいた医療（EBM）の5つのステップを列挙できる。	List the five steps of evidence-based medicine (EBM).
28	GE-01-04-02	PICO（PECO）を用いた問題の定式化ができる。	Can formulate the problem using PICO (PECO).
29	GE-01-04-03	データベースや二次文献からのエビデンス、診療ガイドラインを検索することができる。	Search for evidence and practice guidelines from databases and secondary literature.
30	GE-01-04-04	得られたエビデンスの批判的吟味ができる。	Able to critically examine the evidence obtained.
31	GE-01-04-05	診療ガイドラインの種類、推奨の強さ、使用上の注意を理解している。	Understand the types of medical guidelines, strength of recommendations, and precautions for their use.
32	GE-01-04-06	患者の個別性や状況を考慮してエビデンスの適用について考えることができる。	Consider the application of evidence in the context of the individuality and circumstances of the patient.
33	GE-01-05-01	行動科学に関する知識・理論・面接法を予防医療、診断、治療、ケアに適用できる。	Apply knowledge, theories, and interviewing methods related to behavioral science to preventive medicine, diagnosis, treatment, and care.
34	GE-01-05-02	適切な環境調整や認知行動療法を提案できる。	Can recommend appropriate environmental adjustments and cognitive-behavioral therapy.
35	GE-01-05-03	健康に関する行動経済学の知識を活用できる。	Be able to use knowledge of behavioral economics of health.
36	GE-01-06-01	緩和ケアの概念を理解した上で、全人的苦痛（身体的苦痛、心理社会的苦痛、スピリチュアルペイン）を評価できる。	Can assess holistic suffering (physical, psychosocial, and spiritual pain) with an understanding of the concept of palliative care.
37	GE-01-06-02	がん・非がんの症状緩和の薬物療法や非薬物療法の概要を理解している。	Understand an overview of pharmacological and non-pharmacological therapies for palliation of cancer and noncancer symptoms.
38	GE-01-06-03	救急・集中治療における治療・ケアに関して、人生の最終段階における医療（エンド・オブ・ライフ・ケア）を踏まえた患者・家族とのコミュニケーションの意義を理解し、頻度の高い苦痛とその対処法・ケアを計画できる。	With regard to treatment and care in emergency and intensive care, understand the significance of communication with patients and their families based on end-of-life care, and be able to plan for frequent distress and its management and care.
39	GE-01-06-04	慢性疼痛の病態、経過、治療を理解した上で、その対処法・ケアを計画できる。	Understand the pathophysiology, course, and treatment of chronic pain, and be able to plan for its management and care.
40	GE-01-06-05	患者の苦痛や不安感に配慮しながら、就学・就労、育児・介護等との両立支援を含め患者と家族に対して誠実で適切な支援を計画できる。	Plan sincere and appropriate support for patients and their families, including support for balancing schooling, employment, childcare, and nursing care, while taking into consideration the patient's distress and anxiety.
41	GE-02-01-01	地域の健康格差を理解し、医療へのアクセス障害等のヘルスケアシステム上の課題を適切に判断できる。	Understand community health disparities and make appropriate judgments about health care system issues such as barriers to accessing health care.
42	GE-02-01-02	患者の所属する地域や文化的な背景が健康に関連することを理解している。	Understands that a patient's geographic and cultural affiliation is relevant to their health.
43	GE-02-02-01	地域（都会・郊外・へき地・離島を含む）の実情に応じた医療と医師の偏在（地域、診療科及び臨床・非臨床）の現状の概要を理解している。	Understand the current overview of medical care and physician maldistribution (regional, departmental and clinical/non-clinical) according to the actual conditions of the region (including urban, suburban, remote areas and remote islands).
44	GE-02-02-02	地域の医療体制や診療機関の規模・役割に応じて、医療者として柔軟に対応できる。	Be flexible as a medical provider according to the local medical system and the size and role of the medical institution.
45	GE-02-02-03	患者の居住する地域における各疾患の罹患率、有病率等の指標を用い、臨床推論で活用できる。	Use indices such as incidence and prevalence of each disease in the region where the patient resides and utilize them in clinical reasoning.
46	GE-02-02-04	地域の量的指標（人口構成等）や質的情報（地理的・歴史的・経済的・文化的背景）を収集し、地域の健康課題を説明できる。	Gather quantitative indicators (e.g., population composition) and qualitative information (geographic, historical, economic, and cultural background) of the community to explain local health issues.
47	GE-02-02-05	地域の住民や医療を提供する上で必要となる専門職と協働した地域の健康増進活動の意義の概要を理解している。	Understand an overview of the significance of community health promotion activities in collaboration with local residents and professionals who are required to provide health care.
48	GE-02-03-01	地域の人的・物的資源に応じた医療・サービスを提案できる。	Able to propose medical care and services according to the human and material resources of the community.
49	GE-02-03-02	離島・へき地や医師不足地域等の医療資源が限られた状況での医療提供体制及び保健・福祉・介護の体制の概要を理解している。	Understand the outline of medical care delivery systems and health, welfare, and nursing care systems in situations with limited medical resources, such as remote islands, remote areas, and areas with a shortage of physicians.
50	GE-02-04-01	在宅医療の現状と適応を踏まえて、その必要性や課題の概要を理解している。	Understands an overview of the need for and challenges associated with home health care, based on current conditions and indications for home health care.
51	GE-02-04-02	在宅における緩和ケアや人生の最終段階における医療、看取りの在り方と課題の概要を理解している。	Understand the nature and challenges of palliative care and end-of-life care in the home and in the final stages of life.
52	GE-03-01-01	ライフサイクル（胎児期、新生児期、乳幼児期、学童期、思春期、青年期、成人期、壮年期、老年期、終末期）の視点で、患者の課題を検討できる。	Able to examine patient issues from the perspective of the life cycle (fetal, neonatal, infant, school-age, adolescent, young adult, mature, geriatric, and end-of-life).
53	GE-03-01-02	ライフステージやライフイベントの視点で、健康管理と環境・生活習慣改善を検討できる。	Can examine health management and environmental and lifestyle improvements from the perspective of life stages and life events.
54	GE-03-01-03	家族ライフサイクル・家族成員間関係・家族システムの視点で、患者・家族間の問題（虐待・ネグレクト等）を指摘できる。	Can point out problems between patients and family members (abuse, neglect, etc.) from the perspective of the family life cycle, family member relationships, and family systems.
55	GE-03-02-01	小児期の身体の成長と生理機能の発達について理解している。	Understand the physical growth and physiological development of the body during childhood.
56	GE-03-02-02	小児期の正常な精神運動発達について理解している。	Understand normal psychomotor development in childhood.
57	GE-03-02-03	小児期の愛着形成や保育法・栄養法について理解している。	Understands attachment formation in childhood and childcare and nutrition methods.
58	GE-03-02-04	小児期の栄養面での特性や食育について理解している。	Understand the nutritional characteristics of childhood and nutrition education.
59	GE-03-02-05	小児期の免疫発達と感染症の関係について理解している。	Understand the relationship between immune development and infectious diseases in childhood.
60	GE-03-02-06	小児期から成人期への医療の移行について、現状と課題を理解している。	Understand the current status and issues regarding the transition of medical care from childhood to adulthood.
61	GE-03-03-01	胎児の循環・呼吸の生理的特徴と出生時の変化について理解している。	Understand the physiological characteristics of fetal circulation and respiration and their changes at birth.
62	GE-03-03-02	新生児・乳幼児の生理的特徴について理解している。	Understand the physiological characteristics of newborns and infants.
63	GE-03-04-01	思春期発現の機序と性徴について理解している。	Understand the mechanisms of puberty expression and sexual characteristics.
64	GE-03-04-02	学童期、思春期と関連する課題(学業、友達等に関わる課題)について理解している。	Understand school age, adolescence and related issues (issues related to academics, friends, etc.).
65	GE-03-04-03	思春期、青年期と関連する課題（生殖、いのち等に関わる課題）について理解している。	Understand issues related to adolescence and young adulthood (issues related to reproduction, life, etc.).
66	GE-03-04-04	成人期と関連する課題（メンタルヘルス、仕事、運動習慣、不妊等に関わる課題）について理解している。	Understand issues associated with adulthood (issues related to mental health, work, exercise habits, infertility, etc.).
67	GE-03-05-01	老化に伴う臓器や身体機能の変化、それに伴う生理的変化、老化機構について理解している。	Understand the changes in organs and body functions associated with aging, the physiological changes that accompany these changes, and the mechanisms of aging.
68	GE-03-05-02	高齢者総合機能評価を実施できる。	Able to perform a comprehensive functional assessment of the elderly.
69	GE-03-05-03	老年症候群（歩行障害・転倒、認知機能障害、排泄障害、栄養障害、摂食嚥下障害等）について理解している。	Understand geriatric syndromes (gait disorders/falls, cognitive dysfunction, voiding disorders, nutritional disorders, feeding and swallowing disorders, etc.).
70	GE-03-05-04	フレイル、サルコペニア、ロコモティブシンドロームの概念、その対処法、予防について理解している。	Understand the concepts of frailty, sarcopenia, and locomotive syndrome, how to deal with them, and how to prevent them.
71	GE-03-05-05	国際生活機能分類について理解している。	Understand the International Classification of Functional Living Arrangements.
72	GE-03-05-06	高齢者の栄養マネジメントについて理解している。	Understand nutrition management for the elderly.
73	GE-03-05-07	日常生活動作に応じた介護と環境整備について理解している。	Understand the care and environmental arrangements for activities of daily living.
74	GE-03-06-01	死の概念と定義や生物学的な個体の死について理解している。	Understand the concept and definition of death and the death of biological individuals.
75	GE-03-06-02	死に至る身体と心の過程の知識を活用して、患者や家族がもつ死生観を配慮できる。	Utilize knowledge of the physical and mental processes leading to death to consider the patient's and family's view of life and death.
76	GE-03-06-03	人生の最終段階における医療（エンド・オブ・ライフ・ケア）について理解している。	Understand medical care at the end of life (end-of-life care).
77	GE-03-06-04	小児の終末期の特殊性について理解している。	Understand the peculiarities of the pediatric end of life.
78	GE-03-06-05	ACP、事前指示書遵守、延命治療、蘇生不要指示、尊厳死と安楽死、治療の中止と差し控え等について理解している。	Understand ACP, advance directive compliance, life-prolonging treatment, do-not-resuscitate orders, death with dignity and euthanasia, treatment suspension and withholding, etc.
79	GE-03-06-06	悲嘆のケア（グリーフケア）について理解している。	Understand grief care (grief care).
80	GE-04-01-01	患者の健康観や病いに対する価値観を理解するうえで、健康に関わる知識（定義、健康寿命、健康生成論、ウェルビーイング、QOL、SDH、ICF、UHC等)を活用し、健康問題に対する包括的アプローチが実践できる。	In understanding the patient's view of health and values of illness, the student will be able to apply a comprehensive approach to health issues, utilizing knowledge related to health (definitions, healthy life expectancy, health generation theory, wellbeing, quality of life, SDH, ICF, UHC, etc.).
81	GE-04-01-02	患者が受療に至るまでにどのような過程があるかを生活者の視点から説明できる。	Explain from a consumer's point of view what the process is for a patient to receive medical care.
82	GE-04-01-03	栄養やエネルギー代謝に関する知識や統計情報をもとに個人の栄養状態を評価でき、本人や家族の生活や価値観も踏まえた上で食生活の支援を計画できる。	Be able to assess an individual's nutritional status based on knowledge and statistical information about nutrition and energy metabolism, and plan dietary support based on the individual's and family's life and values.
83	GE-04-01-04	身体活動、スポーツ医・科学（競技スポーツ以外も含む）の知識や統計情報をもとに個人の生活活動を評価でき、本人や家族の生活や価値観も踏まえた上で活動や運動の支援を計画できる。	Be able to assess an individual's life activities based on knowledge of physical activity, sports medicine and science (including noncompetitive sports), and statistical information, and plan support for activities and exercise based on the individual's and family's life and values as well.
84	GE-04-01-05	休養や心の健康について知識や統計情報をもとに評価し、本人や家族の生活や価値観も踏まえた上で支援を計画できる。	The student is able to evaluate rest and mental health based on knowledge and statistical information, and plan support for the individual and his/her family, taking into account their life and values.
85	GE-04-01-06	喫煙や飲酒に関して、喫煙や飲酒による健康影響の知識や統計情報をもとに、本人や家族の生活や価値観を踏まえた評価や支援を計画できる。	With regard to smoking and drinking, be able to plan assessment and support based on knowledge and statistics of the health effects of smoking and drinking, taking into account the life and values of the individual and his/her family.
86	GE-04-01-07	健康の社会的決定要因とアドボカシーの概要について理解している。	Understand the social determinants of health and an overview of advocacy.
87	GE-04-02-01	人の言動の意味をその人の人生史・生活史や社会関係の文脈の中において検討できる。	To be able to examine the meaning of a person's words and actions in the context of his/her life history and social relations.
88	GE-04-02-02	文化人類学・社会学(主に医療人類学・医療社会学)の視点で、患者やその家族と生活環境・地域社会・医療機関等との関係について説明できる。	From the perspective of cultural anthropology and sociology (mainly medical anthropology and medical sociology), be able to explain the relationship between patients and their families and their living environment, local communities, and medical institutions.
89	GE-04-02-03	文化人類学・社会学(主に医療人類学・医療社会学)の理論や概念を用いて、患者の判断や行動に関わる諸事象を説明できる。	Be able to use theories and concepts from cultural anthropology and sociology (mainly medical anthropology and medical sociology) to explain various phenomena related to patient judgment and behavior.
90	LL-01-01-01	医学知識が常に変わりゆくことを認識し、現時点での最善の医学情報にアクセスできる。	Recognize that medical knowledge is constantly changing and have access to the best medical information available at the present time.
91	LL-01-01-02	学修・経験したことを省察し、自己の課題を明確にできる。	Be able to reflect on what they have learned and experienced, and clarify their own issues.
92	LL-01-02-01	自身の職業観を涵養しながら、主体的にキャリアを構築していくことができる。	Cultivate one's own career perspective while independently building one's career.
93	LL-01-02-02	自らの心身を大切にできる。	Able to take care of themselves physically and mentally.
94	LL-02-01-01	後輩や同僚等と協働して学修できる。	Can study in collaboration with juniors, colleagues, etc.
95	LL-02-01-02	後輩や同僚等に対して、適切にフィードバックできる。	Can provide appropriate feedback to junior staff, colleagues, etc.
96	LL-02-01-03	成人学習理論を活用し、後輩や同僚等に対して教育を実践できる。	Be able to utilize adult learning theory and practice education with junior staff, colleagues, etc.
97	RE-01-01-01	常識を疑う。	I doubt common sense.
98	RE-01-01-02	何事にも知的好奇心を持って取り組むことができる。	Intellectual curiosity in all things.
99	RE-01-02-01	最先端の研究に刺激を受ける。	Be stimulated by cutting-edge research.
100	RE-01-02-02	ロールモデルとしての研究者の生き方に触れる。	Touch on the life of the researcher as a role model.
101	RE-02-01-01	医療の実践が基礎医学・臨床医学・社会医学の研究に基づいていることを理解する。	Understand that the practice of medicine is based on basic, clinical and social medical research.
102	RE-02-02-01	医学論文（英語）を読んで概要を理解する。	Read medical articles (in English) and understand their outlines.
103	RE-03-01-01	自身の関心を問いにすることができる。	Can ask questions of their own interest.
104	RE-03-02-01	研究計画の素案を作ることができる。	Able to make a rough draft of a research plan.
105	RE-03-03-01	基礎医学の実習から基本的な実験手技を体得する。	Acquire basic laboratory techniques from basic medical practice.
106	RE-03-03-02	社会医学（行動科学を含む）の実習から基本的な研究方法論を体得する。	Acquire basic research methodology from practical training in social medicine (including behavioral science).
107	RE-03-03-03	研究室配属等で医学研究の基本的な研究手法を修得する。	Acquire basic research techniques in medical research through laboratory assignments, etc.
108	RE-03-04-01	研究データを適切に記録、管理できる。	Able to properly record and manage research data.
109	RE-04-01-01	自身の行った研究内容を論文や報告書・学会発表等の形にまとめることができる。	To be able to summarize his/her own research in the form of papers, reports, conference presentations, etc.
110	RE-04-01-02	発表の場に応じて読者・聴衆にわかりやすく研究内容をプレゼンテーションできる。	Be able to present research in an easy-to-understand manner to readers and audiences depending on the presentation occasion.
111	RE-04-01-03	他の研究者の発表に対して質問や意見を述べることができる。	Can ask questions and express opinions in response to other researchers' presentations.
112	RE-05-01-01	捏造、改ざん、盗用等を含め研究不正の類型を説明することができ、研究不正を行わない。	Be able to explain the types of research misconduct, including fabrication, falsification, plagiarism, etc., and not engage in research misconduct.
113	RE-05-02-01	人を対象とした研究（治験、特定臨床研究を含む）に関するルールの概要を理解し、遵守する。	Understand and comply with an overview of the rules governing research involving human subjects (including clinical trials and specific clinical research).
114	RE-05-02-02	利益相反や動物・遺伝子組み換え実験に関するルールの概要を理解し、遵守する。	Understand and comply with an overview of the rules regarding conflicts of interest and animal and genetic modification experiments.
115	PS-01-01-01	細胞の観察法について概要を理解している。	Understand the overview of cell observation methods.
116	PS-01-01-02	細胞の全体像を図示できる。	The whole picture of the cell can be illustrated.
117	PS-01-01-03	核とリボソーム、小胞体、ゴルジ体、リソソーム等の細胞内膜系、ミトコンドリア、葉緑体、細胞骨格の種類とその構造と機能について概要を理解している。	An overview of the types and structure and function of the nucleus and intracellular membrane systems such as ribosomes, endoplasmic reticulum, Golgi apparatus, lysosomes, etc., mitochondria, chloroplasts, and the cytoskeleton.
118	PS-01-01-04	細胞膜の構造と機能、細胞同士の接着と結合様式について概要を理解している。	Understand the structure and function of cell membranes, and cell-to-cell adhesion and binding patterns.
119	PS-01-01-05	原核細胞と真核細胞の特徴について理解している。	Understand the characteristics of prokaryotic and eukaryotic cells.
120	PS-01-01-06	メンデルの法則、ミトコンドリア遺伝、エピゲノム修飾(インプリンティングを含む)及び多因子遺伝について理解している。	Understand Mendelian laws, mitochondrial inheritance, epigenomic modification (including imprinting) and multifactorial inheritance.
121	PS-01-01-07	遺伝型と表現型の関係について理解している。	Understand the relationship between genotype and phenotype.
122	PS-01-01-08	染色体の構造を理解し、ゲノムと染色体及び遺伝子の構造と関係性、体細胞分裂及び減数分裂における染色体の挙動について理解している。	Understand the structure of chromosomes, the structure and relationship of chromosomes and genes to the genome, and the behavior of chromosomes during somatic and meiotic divisions.
123	PS-01-01-09	DNAの複製と修復、DNAからRNAへの転写、タンパク質合成に至る翻訳を含む遺伝情報の発現及び調節（セントラルドグマ）について理解している。	Understand the expression and regulation of genetic information (central dogma), including DNA replication and repair, transcription from DNA to RNA, and translation leading to protein synthesis.
124	PS-01-01-10	染色体分析・DNA配列決定を含むゲノム解析技術について概要を理解している。	Have an overview of genomic analysis techniques, including chromosome analysis and DNA sequencing.
125	PS-01-01-11	ゲノム編集技術とその応用について概要を理解している。	Have an overview of genome editing technologies and their applications.
126	PS-01-01-12	進化の基本的な考え方について理解している。	Understand the basic concepts of evolution.
127	PS-01-01-13	生物種とその系統関係について理解している。	Understand biological species and their phylogenetic relationships.
128	PS-01-01-14	アミノ酸配列や塩基配列の比較による分子系統樹について概要を理解している。	Understand an overview of molecular phylogenetic trees based on comparisons of amino acid and nucleotide sequences.
129	PS-01-02-01	細胞内液・外液のイオン組成、及び浸透圧と（静止）膜電位の形成機構について理解している。	Understand the ionic composition of intracellular and extracellular fluids and the mechanisms of osmotic pressure and (resting) membrane potential formation.
130	PS-01-02-02	細胞膜のイオンチャネル、ポンプ及び膜を介する物質の能動・受動輸送過程について理解している。	Understand ion channels, pumps and active and passive transport processes of substances across the plasma membrane.
131	PS-01-02-03	活動電位の発生機構と伝導、シナプス（神経筋接合部を含む）の形態とシナプス伝達の機能（興奮性、抑制性）と可塑性について理解している。	Understand the mechanisms of action potential generation and conduction, synaptic (including neuromuscular junction) morphology and function (excitatory and inhibitory) and plasticity of synaptic transmission.
132	PS-01-02-04	情報伝達の種類と機能について理解している。	Understand the types and functions of information transfer.
133	PS-01-02-05	受容体の種類・細胞内局在・機能、受容体による細胞内シグナル伝達過程について理解している。	Understand receptor types, subcellular localization and function, and intracellular signaling processes by receptors.
134	PS-01-02-06	液性因子による細胞間情報伝達（自己分泌、傍分泌、内分泌）について理解している。	Understand intercellular signaling (autocrine, paracrine, and endocrine) by liquid factors.
135	PS-01-02-07	細胞骨格を構成するタンパク質とその機能、アクチンフィラメント系による細胞運動について概要を理解している。	The students have an overview of the proteins that make up the cytoskeleton, their functions, and cell motility by the actin filament system.
136	PS-01-02-08	細胞膜を介する分泌と吸収の過程と細胞内輸送システム、微小管の役割や機能について理解している。	Understand the processes of secretion and absorption across cell membranes and intracellular transport systems, as well as the role and function of microtubules.
137	PS-01-02-09	軸索輸送、軸索の変性と再生について理解している。	Understands axonal transport, axonal degeneration and regeneration.
138	PS-01-02-10	上皮組織と腺の構造と機能について理解している。	Understand the structure and function of epithelial tissues and glands.
139	PS-01-02-11	支持組織を構成する細胞と細胞間質（線維成分と基質）について理解している。	Understand the cells and intercellular matrix (fibrous components and matrix) that make up the supporting tissue.
140	PS-01-02-12	血管とリンパ管の微細構造と機能について理解している。	Understand the microstructure and function of blood vessels and lymph vessels.
141	PS-01-02-13	神経組織の微細構造について理解している。	Understand the microstructure of neural tissue.
142	PS-01-02-14	筋組織について、骨格筋、心筋、平滑筋の構造と機能を対比して理解している。	Understand muscle tissue by contrasting the structure and function of skeletal, cardiac, and smooth muscle.
143	PS-01-02-15	組織の再生の機序について理解している。	Understand the mechanisms of tissue regeneration.
144	PS-01-02-16	位置関係を方向用語（上・下、前・後、内側・外側、浅・深、頭側・尾側、背側・腹側、近位・遠位、内転・外転）で理解している。	Understands positional relationships in directional terms (superior/inferior, anterior/posterior, medial/lateral, shallow/deep, cephalic/ caudal, dorsal/ventral, proximal/distal, adduction/abduction).
145	PS-01-02-17	刺激に対する感覚受容の種類と機序について理解している。	Understand the types and mechanisms of sensory reception to stimuli.
146	PS-01-02-18	反射について理解している。	Understand reflections.
147	PS-01-02-19	生体の恒常性維持と適応、恒常性維持のための調節機構（フィードバック調節）について理解している。	Understand homeostasis and adaptation of the organism and the regulatory mechanisms for homeostasis (feedback regulation).
148	PS-01-02-20	生体機能や体内環境のリズム性変化について理解している。	Understand the rhythmic changes in biological functions and the body's internal environment.
149	PS-01-02-21	生体の恒常性維持における常在菌・腸内細菌と宿主との相互作用の重要性について理解している。	Understand the importance of the interaction between commensal and intestinal bacteria and the host in maintaining homeostasis of the organism.
150	PS-01-02-22	配偶子の形成から出生に至る一連の経過と胚形成の全体像、胚内体腔の形成過程について概要を理解している。	The student has an overview of the sequence of events from gametogenesis to birth, the overall picture of embryogenesis, and the process of formation of the intraembryonic body cavity.
151	PS-01-02-23	体節の形成と分化、咽頭弓・咽頭嚢(鰓弓・鰓嚢)の分化、頭・頸部と顔面・口腔の形成過程について理解している。	Understand the formation and differentiation of body segments, the differentiation of the pharyngeal arch and pharyngeal sac (gill arch and gill sac), and the formation process of the head and neck and the face and oral cavity.
152	PS-01-02-24	体幹と四肢の骨格と筋、心血管系、泌尿生殖器系各器官の形成過程について理解している。	Understand the formation process of the skeleton and muscles of the trunk and limbs, the cardiovascular system, and each organ of the urogenital system.
153	PS-01-02-25	消化・呼吸器系各器官の形成過程について理解している。	Understand the formation process of each organ of the digestive and respiratory system.
154	PS-01-02-26	神経管の分化と脳、脊髄、視覚器、平衡聴覚器と自律神経系、皮膚の形成過程について理解している。	Understand the differentiation of neural tube and the formation process of brain, spinal cord, visual organs, balanced auditory organs and autonomic nervous system, and skin.
155	PS-01-02-27	酵素の機能と調節について理解している。	Understand the function and regulation of enzymes.
156	PS-01-02-28	糖質の構造、代謝と調節（解糖、クエン酸回路、電子伝達系と酸化的リン酸化、グリコーゲン代謝、糖新生、五炭糖リン酸回路）、生理的意義について理解している。	Understand the structure, metabolism and regulation of carbohydrates (glycolysis, citric acid circuit, electron transfer system and oxidative phosphorylation, glycogen metabolism, glycogenesis, pentose phosphate circuit) and physiological significance.
157	PS-01-02-29	タンパク質の構造、代謝と調節、生理的意義、主要なアミノ酸の代謝、尿素回路を理解している。	Understand protein structure, metabolism and regulation, physiological significance, metabolism of major amino acids, and the urea circuit.
158	PS-01-02-30	脂質の構造、代謝と調節、生理的意義、脂質の輸送（リポタンパク質）を理解している。	Understand lipid structure, metabolism and regulation, physiological significance, and lipid transport (lipoproteins).
159	PS-01-02-31	ヘム・ポルフィリンの代謝について概要を理解している。	Have an overview of the metabolism of heme porphyrins.
160	PS-01-02-32	ヌクレオチドの合成・異化・再利用経路について理解している。	Understand the synthesis, catabolism, and recycling pathways of nucleotides.
161	PS-01-02-33	酸化ストレス（フリーラジカル、活性酸素）について概要を理解している。	Understand overview of oxidative stress (free radicals, reactive oxygen species).
162	PS-01-02-34	ビタミン、微量元素の種類と作用について理解している。	Understand the types of vitamins and trace elements and their actions.
163	PS-01-02-35	栄養素の相互変換とエネルギー代謝（エネルギーの定義、食品中のエネルギー値、エネルギー消費量、推定エネルギー必要量）について理解している。	Understand the interconversion of nutrients and energy metabolism (definition of energy, energy values in food, energy consumption, and estimated energy requirements).
164	PS-01-02-36	空腹時、飢餓時、食後、過食時と運動時における代謝について理解している。	Understands metabolism during fasting, starvation, postprandial, overeating and exercise.
165	PS-01-02-37	複合糖質、複合脂質について概要を理解している。	Have an overview of complex carbohydrates and complex lipids.
166	PS-01-03-01	原核生物としての細菌の構造と機能の違いについて真核生物と比較して理解している。	Understand the differences in structure and function of bacteria as prokaryotes compared to eukaryotes.
167	PS-01-03-02	細菌の感染経路を分類し、細菌が疾病を引き起こす機序について理解している。	Classify the routes of bacterial infection and understand the mechanisms by which bacteria cause disease.
168	PS-01-03-03	細菌の産生するタンパク質性毒素、非タンパク質性毒素の作用機序について理解している。	Understand the mechanisms of action of proteinaceous and non-proteinaceous toxins produced by bacteria.
169	PS-01-03-04	主なグラム陽性球菌、グラム陽性桿菌、グラム陰性球菌、グラム陰性桿菌の細菌学的特徴、リスク因子、感染経路と病態を説明し、それが引き起こす疾患を列挙できる。	Describe the bacteriological characteristics, risk factors, routes of infection and pathogenesis of the major gram-positive cocci, gram-positive rods, gram-negative cocci, and gram-negative rods, and list the diseases they cause.
170	PS-01-03-05	抗酸菌の細菌学的特徴、リスク因子、感染経路と病態を説明し、それが引き起こす疾患を列挙できる。	Describe the bacteriological characteristics, risk factors, routes of infection and pathophysiology of antimicrobials and enumerate the diseases they cause.
171	PS-01-03-06	らせん状細菌、マイコプラズマ、リケッチア、クラミジアの微生物学的特徴とそれが引き起こす疾患を列挙できる。	List the microbiological characteristics of helminths, mycoplasmas, rickettsiae, and chlamydia and the diseases they cause.
172	PS-01-03-07	生体各部の細菌叢（マイクロバイオーム）の構成菌、細菌叢の機能について概要を理解している。	Understand the bacteria that make up the microbiome and the functions of the microbiome in various parts of the body.
173	PS-01-03-08	ウイルス粒子の構造と性状によりウイルスを分類できる。	Viruses can be classified according to the structure and properties of the viral particles.
174	PS-01-03-09	ウイルス感染の種特異性、組織特異性と吸着、侵入、複製、成熟と放出の各過程、ウイルス感染細胞に起こる変化について理解している。	Understand the species specificity of viral infection, tissue specificity and adsorption, the processes of invasion, replication, maturation and release, and the changes that occur in virus-infected cells.
175	PS-01-03-10	主なDNAウイルスの特徴、リスク因子、感染経路と病態を説明し、これらのウイルスが引き起こす疾患名を列挙できる。	Describe the characteristics, risk factors, routes of infection and pathogenesis of the major DNA viruses and list the names of diseases caused by these viruses.
176	PS-01-03-11	主なRNAウイルスの特徴、リスク因子、感染経路と病態を説明し、これらのウイルスが引き起こす疾患名を列挙できる。	Describe the characteristics, risk factors, routes of infection and pathogenesis of the major RNA viruses and list the names of diseases caused by these viruses.
177	PS-01-03-12	真菌（接合菌、子嚢菌、担子菌、不完全菌）の微生物学的特徴、リスク因子、感染経路と病態を説明し、それが引き起こす疾患を列挙できる。	Describe the microbiological characteristics, risk factors, routes of infection and pathogenesis of fungi (zygomycetes, zygomycetes, basidiomycetes, and imperfections) and list the diseases they cause.
178	PS-01-03-13	寄生虫の分類、形態学的特徴、生活史、リスク因子、感染経路と病態、感染疫学的意義、寄生虫感染宿主の生体防御の特徴について理解している。	Understand the classification of parasites, morphological characteristics, life history, risk factors, routes of infection and pathogenesis, infectious epidemiological significance, and characteristics of the biological defense of parasite-infected hosts.
179	PS-01-03-14	微生物の特性に応じた治療薬の作用機序について概要を理解している。	Outline the mechanism of action of therapeutic agents according to the characteristics of microorganisms.
180	PS-01-03-15	微生物感染症に対するワクチンの原理、種類とそれに対する問題点について理解している。	Understand the principles of vaccines against microbial infections, the types of vaccines and the problems associated with them.
181	PS-01-03-16	人獣共通感染症の原因となる微生物について、その生活史、リスク因子、感染経路と病態、感染疫学的意義について理解している。	Understand the life history, risk factors, routes of infection and pathogenesis, and infectious epidemiological significance of the microorganisms that cause zoonotic diseases.
182	PS-01-03-17	媒介性感染症の原因となる微生物について、その生活史、リスク因子、感染経路と病態、感染疫学的意義を理解している。	Understand the life history, risk factors, transmission routes and pathogenesis, and infectious epidemiological significance of the microorganisms that cause vector-borne infections.
183	PS-01-03-18	免疫反応に関わる組織と細胞について理解している。	Understand the tissues and cells involved in the immune response.
184	PS-01-03-19	補体及び自然免疫細胞が病原体により活性化し、炎症を引き起こす仕組みについて理解している。	Understand how complement and innate immune cells are activated by pathogens and cause inflammation.
185	PS-01-03-20	主要組織適合遺伝子複合体クラスIとクラスIIの基本構造と機能、抗原提示によるT細胞活性化の仕組みについて理解している。	Understand the basic structure and function of major histocompatibility gene complex class I and class II and the mechanism of T cell activation by antigen presentation.
186	PS-01-03-21	免疫グロブリンとT細胞抗原レセプターの構造と反応様式、免疫グロブリンとT細胞抗原レセプター遺伝子の構造と遺伝子再構成に基づき、多様性獲得の機構について理解している。	Understanding of the mechanisms of diversity acquisition based on the structure and reaction patterns of immunoglobulin and T-cell antigen receptors, and the structure and genetic reconstitution of immunoglobulin and T-cell antigen receptor genes.
187	PS-01-03-22	ヘルパーT細胞（Th1 cell、Th2 cell、Th17 cell）、細胞傷害性T細胞、制御性T細胞それぞれが担当する生体防御反応について理解している。	Understand the biological defense responses that helper T cells (Th1 cells, Th2 cells, and Th17 cells), cytotoxic T cells, and regulatory T cells are each responsible for.
188	PS-01-03-23	B細胞の活性化による抗体産生の機構及び抗体の役割を理解している。	Understand the mechanism of antibody production by B cell activation and the role of antibodies.
189	PS-01-03-24	自然免疫系を構成する主な細胞とそれらの活性化機構（TLR等）を理解している。	Understand the main cells that make up the innate immune system and their activation mechanisms (e.g., TLRs).
190	PS-01-03-25	抗原提示細胞の種類と役割、抗原提示機構について理解している。	Understand the types and roles of antigen-presenting cells and the mechanisms of antigen presentation.
191	PS-01-03-26	ウイルス、細菌、真菌と寄生虫に対する免疫応答の特徴の概要について理解している。	Understand an overview of the characteristics of the immune response to viruses, bacteria, fungi and parasites.
192	PS-01-03-27	原発性免疫不全症候群と後天性免疫不全症候群の概要について理解している。	Understand an overview of primary and acquired immunodeficiency syndromes.
193	PS-01-03-28	免疫寛容の維持機構とその破綻による自己免疫疾患の発症について理解している。	Understand the mechanisms of maintenance of immune tolerance and the development of autoimmune diseases due to its breakdown.
194	PS-01-03-29	アレルギー発症の機序について理解している。	Understand the mechanism of allergy development.
195	PS-01-03-30	がん免疫に関わる細胞性機序について理解している。	Understand the cellular mechanisms involved in cancer immunity.
196	PS-01-03-31	生体（あるいは生体群）の薬物・毒物反応性について、用量反応曲線を理解している。	Understand the dose-response curve for drug and toxicant reactivity of a living organism (or group of organisms).
197	PS-01-03-32	薬物の受容体結合・薬理作用の関連性及び作動薬・拮抗薬について理解している。	Understand the relevance of receptor binding and pharmacological actions of drugs and agonists and antagonists.
198	PS-01-03-33	薬物の有害作用、薬物間相互作用について概要を理解している。	Have an overview of drug adverse effects and drug-drug interactions.
199	PS-01-04-01	ゲノムの多様性に基づく個体の多様性について理解している。	Understand the diversity of individuals based on genomic diversity.
200	PS-01-04-02	単一遺伝子疾患、染色体異常による疾患、ミトコンドリア遺伝子の変異による疾患を挙げ、遺伝様式を含め理解している。	Diseases due to single gene diseases, diseases due to chromosomal aberrations, and diseases due to mitochondrial gene mutations are listed and understood, including their mode of inheritance.
201	PS-01-04-03	多因子疾患における遺伝要因と環境要因の関係について理解している。	Understand the relationship between genetic and environmental factors in multifactorial diseases.
202	PS-01-04-04	薬剤の有効性や安全性とゲノムの多様性との関係について概要を理解している。	Have an overview of the relationship between drug efficacy and safety and genomic diversity.
203	PS-01-04-05	ネクローシスとアポトーシスの違いを含め、細胞傷害・変性と細胞死の多様性、病因と意義について理解している。	Understand the diversity, etiology and significance of cell injury/degeneration and cell death, including the difference between necrosis and apoptosis.
204	PS-01-04-06	細胞傷害・変性と細胞死の細胞と組織の形態的変化の特徴について理解している。	Understand the characteristics of cellular and tissue morphological changes of cell injury/degeneration and cell death.
205	PS-01-04-07	糖代謝異常の病態について理解している。	Understand the pathogenesis of abnormalities of glucose metabolism.
206	PS-01-04-08	タンパク質・アミノ酸代謝異常の病態について理解している。	Understand the pathogenesis of abnormalities in protein and amino acid metabolism.
207	PS-01-04-09	脂質代謝異常の病態について理解している。	Understand the pathogenesis of lipid metabolism disorders.
208	PS-01-04-10	核酸・ヌクレオチド代謝異常の病態について理解している。	Understand the pathogenesis of abnormal nucleic acid and nucleotide metabolism.
209	PS-01-04-11	ビタミン、微量元素の代謝異常の病態について理解している。	Understand the pathogenesis of abnormal metabolism of vitamins and trace elements.
210	PS-01-04-12	メタボリックシンドロームの病態について概要を理解している。	Have an overview of the pathophysiology of metabolic syndrome.
211	PS-01-04-13	血行障害（阻血、低酸素血、充血、うっ血、出血）の違いとそれぞれの病因と病態、梗塞（血栓、塞栓）の種類と病態について理解している。	Understand the difference between hemodynamic disorders (inhibition, hypovolemia, hyperemia, stasis, hemorrhage) and the etiology and pathology of each, as well as the types and pathology of infarction (thrombus, embolus).
212	PS-01-04-14	血圧異常（高血圧、低血圧）について理解している。	Understand blood pressure abnormalities (hypertension and hypotension).
213	PS-01-04-15	炎症の定義について理解している。	Understand the definition of inflammation.
214	PS-01-04-16	炎症の分類、組織形態学的変化と経時的変化（局所的変化と全身的変化）について理解している。	Understand the classification of inflammation, histomorphological changes and changes over time (local and systemic changes).
215	PS-01-04-17	炎症組織の治癒過程について理解している。	Understand the healing process of inflammatory tissues.
216	PS-01-04-18	炎症とメタボリックシンドローム、動脈硬化、腫瘍、老化への関わりについて理解している。	Understand inflammation and its relationship to metabolic syndrome, atherosclerosis, tumors, and aging.
217	PS-01-04-19	自律性の増殖、良性腫瘍と悪性腫瘍の違いについて理解している。	Understand autonomic growth and the difference between benign and malignant tumors.
218	PS-01-04-20	がんの原因や遺伝子変化について概要を理解している。	Have an overview of the causes of cancer and genetic changes.
219	PS-01-04-21	用語（異形成、上皮内癌、進行癌、早期癌、異型性、多形性等）について理解している。	Understand the terminology (dysplasia, intraepithelial carcinoma, advanced carcinoma, early stage carcinoma, atypia, pleomorphism, etc.).
220	PS-01-04-22	がんの病理診断と治療の関わりについて概要を理解している。	Have an overview of the relationship between pathological diagnosis and treatment of cancer.
221	PS-01-04-23	がんの転移について概要を理解している。	Understand the overview of cancer metastasis.
222	PS-01-04-24	がんの免疫系による排除機構について概要を理解している。	Have an overview of the mechanisms of elimination of cancer by the immune system.
223	PS-02-01-01	臓器毎及び全身におよぶ疾患について理解している(表1)。	Understand organ-specific and systemic diseases (Table 1).
224	PS-02-02-01	血液・造血器・リンパ系の構造と機能について基本的事項を理解している。	Basic understanding of the structure and function of the blood, hematopoietic and lymphatic systems.
225	PS-02-02-02	血液・造血器・リンパ系でみられる症候について理解している。	Understand the syndromes seen in the blood, hematopoietic and lymphatic systems.
226	PS-02-02-03	血液・造血器・リンパ系で行う検査方法について基本的事項を理解している。	Understand the basic issues regarding the testing procedures performed on the blood, hematopoietic and lymphatic systems.
227	PS-02-02-04	血液・造血器・リンパ系疾患に特異的な治療法について基本的事項を理解している。	Understand the basics of treatments specific to hematologic, hematopoietic, and lymphatic diseases.
228	PS-02-02-05	血液・造血器・リンパ系の疾患・病態について病因、疫学、症候、検査、診断、治療法を理解している。	Understand the etiology, epidemiology, syndromes, examination, diagnosis, and treatment of diseases and conditions of the blood, hematopoietic, and lymphatic systems.
229	PS-02-03-01	神経系の構造と機能について基本的事項を理解している。	Understand basic matters regarding the structure and function of the nervous system.
230	PS-02-03-02	神経系でみられる症候について理解している。	Understand the syndromes seen in the nervous system.
231	PS-02-03-03	神経系で行う検査方法について基本的事項を理解している。	Understand the basic items regarding the examination methods performed on the nervous system.
232	PS-02-03-04	神経系疾患に特異的な治療法について基本的事項を理解している。	Understand the basics of treatments specific to nervous system diseases.
233	PS-02-03-05	神経系の疾患・病態について病因、疫学、症候、検査、診断、治療法を理解している。	Understand the etiology, epidemiology, syndromes, examination, diagnosis, and treatment of diseases and conditions of the nervous system.
234	PS-02-04-01	皮膚系の構造と機能について基本的事項を理解している。	Understand the basics of the structure and function of the dermal system.
235	PS-02-04-02	皮膚系でみられる症候について理解している。	Understand the syndromes seen in the dermatologic system.
236	PS-02-04-03	皮膚系で行う検査方法について基本的事項を理解している。	Understand the basic items regarding the examination methods performed on the dermatological system.
237	PS-02-04-04	皮膚系疾患に特異的な治療法について基本的事項を理解している。	Understand the basics of treatment methods specific to diseases of the dermatological system.
238	PS-02-04-05	皮膚系の疾患・病態について病因、疫学、症候、検査、診断、治療法を理解している。	Understand the etiology, epidemiology, syndromes, examination, diagnosis, and treatment of diseases and conditions of the dermatological system.
239	PS-02-05-01	運動器（筋骨格）系の構造と機能について基本的事項を理解している。	Understand basic matters regarding the structure and function of the locomotor (musculoskeletal) system.
240	PS-02-05-02	運動器（筋骨格）系でみられる症候について理解している。	Understand the syndromes seen in the musculoskeletal system.
241	PS-02-05-03	運動器（筋骨格）系で行う検査方法について基本的事項を理解している。	Understand the basic items regarding examination methods performed on the musculoskeletal system.
242	PS-02-05-04	運動器（筋骨格）系疾患に特異的な治療法について基本的事項を理解している。	Understand the basics of treatments specific to musculoskeletal diseases.
243	PS-02-05-05	運動器（筋骨格）系の疾患・病態について病因、疫学、症候、検査、診断、治療法を理解している。	Understand the etiology, epidemiology, syndromes, examination, diagnosis, and treatment of diseases and conditions of the musculoskeletal (musculoskeletal) system.
244	PS-02-06-01	循環器系の構造と機能について基本的事項を理解している。	Understand basic matters regarding the structure and function of the circulatory system.
245	PS-02-06-02	循環器系でみられる症候について理解している。	Understand the syndromes seen in the cardiovascular system.
246	PS-02-06-03	循環器系で行う検査方法について基本的事項を理解している。	Understand the basic items about the examination methods performed in the cardiovascular system.
247	PS-02-06-04	循環器系疾患に特異的な治療法について基本的事項を理解している。	Understand the basics of treatments specific to diseases of the circulatory system.
248	PS-02-06-05	循環器系の疾患・病態について病因、疫学、症候、検査、診断、治療法を理解している。	Understand etiology, epidemiology, syndromes, examination, diagnosis, and treatment of diseases and conditions of the cardiovascular system.
249	PS-02-07-01	呼吸器系の構造と機能について基本的事項について理解している。	Understand basic matters regarding the structure and function of the respiratory system.
250	PS-02-07-02	呼吸器系でみられる症候について理解している。	Understand the syndromes seen in the respiratory system.
251	PS-02-07-03	呼吸器系で行う検査方法について基本的事項を理解している。	Understand the basic items regarding the testing procedures performed in the respiratory system.
252	PS-02-07-04	呼吸器系疾患に特異的な治療法について基本的事項を理解している。	Understand the basics of treatments specific to respiratory diseases.
253	PS-02-07-05	呼吸器系の疾患・病態について病因、疫学、症候、検査、診断、治療法を理解している。	Understand the etiology, epidemiology, syndromes, examination, diagnosis, and treatment of diseases and conditions of the respiratory system.
254	PS-02-08-01	消化器系の構造と機能について基本的事項を理解している。	Understand basic matters regarding the structure and function of the digestive system.
255	PS-02-08-02	消化器系でみられる症候について理解している。	Understand the syndromes seen in the digestive system.
256	PS-02-08-03	消化器系で行う検査方法について基本的事項を理解している。	Understand the basic items regarding the examination methods performed in the digestive system.
257	PS-02-08-04	消化器系疾患に特異的な治療法について基本的事項を理解している。	Understand the basics of treatment methods specific to gastrointestinal diseases.
258	PS-02-08-05	消化器系の疾患・病態について病因、疫学、症候、検査、診断、治療法を理解している。	Understand the etiology, epidemiology, syndromes, examination, diagnosis, and treatment of diseases and conditions of the digestive system.
259	PS-02-09-01	腎・尿路系の構造と機能について基本的事項を理解している。	Understand the basic issues of the structure and function of the renal and urinary tract system.
260	PS-02-09-02	腎・尿路系でみられる症候について理解している。	Understand the syndromes seen in the renal and urinary tract system.
261	PS-02-09-03	腎・尿路系で行う検査方法について基本的事項を理解している。	Understand the basic items regarding the examination methods performed in the renal and urinary tract system.
262	PS-02-09-04	腎・尿路系疾患に特異的な治療法について基本的事項を理解している。	Understand the basics of treatments specific to renal and urinary tract diseases.
263	PS-02-09-05	腎・尿路系の疾患・病態について病因、疫学、症候、検査、診断、治療法を理解している。	Understand the etiology, epidemiology, syndromes, examination, diagnosis, and treatment of diseases and conditions of the renal and urinary tract system.
264	PS-02-10-01	生殖器系の構造と機能について基本的事項を理解している。	Understand basic matters regarding the structure and function of the reproductive system.
265	PS-02-10-02	生殖器系でみられる症候について理解している。	Understand the syndromes seen in the reproductive system.
266	PS-02-10-03	生殖器系で行う検査方法について基本的事項を理解している。	Understand the basic items about the examination methods performed in the reproductive system.
267	PS-02-10-04	生殖器系に関する疾患に特異的な治療法について基本的事項を理解している。	Understand the basics of treatment methods specific to diseases related to the reproductive system.
268	PS-02-10-05	生殖器系に関する疾患・病態について病因、疫学、症候、検査、診断、治療法を理解している。	Understand the etiology, epidemiology, syndromes, examination, diagnosis, and treatment of diseases and conditions related to the reproductive system.
269	PS-02-11-01	妊娠と分娩に関する構造と機能について基本的事項を理解している。	Understand the basics of structure and function related to pregnancy and childbirth.
270	PS-02-11-02	妊娠と分娩でみられる症候について理解している。	Understand the syndromes seen in pregnancy and labor.
271	PS-02-11-03	妊娠と分娩で行う検査方法について基本的事項を理解している。	Understand the basics of the testing procedures performed during pregnancy and delivery.
272	PS-02-11-04	妊娠と分娩に特異的な治療法について基本的事項を理解している。	Understand the basics of pregnancy and delivery-specific treatments.
273	PS-02-11-05	妊娠と分娩に関する疾患・病態について病因、疫学、症候、検査、診断、治療法を理解している。	Understand the etiology, epidemiology, syndromes, examination, diagnosis, and treatment of diseases and conditions related to pregnancy and delivery.
274	PS-02-12-01	小児にみられる症候について理解している。	Understand the syndromes seen in children.
275	PS-02-12-02	小児で行う検査方法について基本的事項を理解している。	Understand the basics of testing procedures performed on children.
276	PS-02-12-03	小児に特異的な治療法について基本的事項を理解している。	Understand the basics of pediatric-specific treatments.
277	PS-02-12-04	小児の疾患・病態について病因、疫学、症候、検査、診断、治療法を理解している。	Understand the etiology, epidemiology, syndromes, examination, diagnosis, and treatment of pediatric diseases and conditions.
278	PS-02-13-01	乳房の構造と機能について基本的事項を理解している。	Understand the basic issues of the structure and function of the breast.
279	PS-02-13-02	乳房でみられる症候について理解している。	Understand the syndromes seen in the breast.
280	PS-02-13-03	乳房に関して行う検査方法について基本的事項を理解している。	Understand the basics of the examination procedures performed on the breast.
281	PS-02-13-04	乳房疾患に特異的な治療法について基本的事項を理解している。	Understand the basics of treatments specific to breast disease.
282	PS-02-13-05	乳房に関する疾患・病態について病因、疫学、症候、検査、診断、治療法について理解している。	Understand the etiology, epidemiology, syndromes, examination, diagnosis, and treatment of diseases and conditions related to the breast.
283	PS-02-14-01	内分泌・栄養・代謝系の構造と機能について基本的事項を理解している。	Basic understanding of the structure and function of the endocrine, nutritional, and metabolic systems.
284	PS-02-14-02	内分泌・栄養・代謝系でみられる症候について理解している。	Understand the syndromes seen in the endocrine, nutritional, and metabolic systems.
285	PS-02-14-03	内分泌・栄養・代謝系で行う検査方法について基本的事項を理解している。	Understand the basic issues regarding the testing procedures performed in the endocrine, nutritional, and metabolic systems.
286	PS-02-14-04	内分泌・栄養・代謝系疾患に特異的な治療法について基本的事項を理解している。	Understand the basics of treatments specific to endocrine, nutritional, and metabolic diseases.
287	PS-02-14-05	内分泌・栄養・代謝系の疾患・病態について病因、疫学、症候、検査、診断、治療法を理解している。	Understand the etiology, epidemiology, syndromes, examination, diagnosis, and treatment of diseases and conditions of the endocrine, nutritional, and metabolic systems.
288	PS-02-14-06	メタボリックシンドロームの病態について理解している。	Understand the pathogenesis of metabolic syndrome.
289	PS-02-15-01	眼・視覚系の構造と機能について基本的事項を理解している。	Understand basic matters regarding the structure and function of the eye and visual system.
290	PS-02-15-02	眼・視覚系でみられる症候について理解している。	Understand the syndromes seen in the eye and visual system.
291	PS-02-15-03	眼・視覚系で行う検査方法について基本的事項を理解している。	Understand the basic items regarding examination methods performed on the eye and visual system.
292	PS-02-15-04	眼・視覚系疾患に特異的な治療法について基本的事項を理解している。	Understand the basics of treatments specific to ocular and visual system diseases.
293	PS-02-15-05	眼・視覚系の疾患・病態について病因、疫学、症候、検査、診断、治療法を理解している。	Understand the etiology, epidemiology, syndromes, examination, diagnosis, and treatment of diseases and conditions of the eye and visual system.
294	PS-02-16-01	耳鼻・咽喉・口腔系の構造と機能について基本的事項を理解している。	Understand basic matters regarding the structure and function of the ear, nose, throat, and oral cavity systems.
295	PS-02-16-02	耳鼻・咽喉・口腔系でみられる症候について理解している。	Understand the syndromes found in the ear, nose, throat, and oral cavity system.
296	PS-02-16-03	耳鼻・咽喉・口腔系で行う検査方法について基本的事項を理解している。	Understand the basic items regarding examination procedures performed in the ear, nose, throat, and oral cavity systems.
297	PS-02-16-04	耳鼻・咽喉・口腔系疾患に特異的な治療法について基本的事項を理解している。	Understand the basics of treatment methods specific to diseases of the ear, nose, throat, and oral system.
298	PS-02-16-05	耳鼻・咽喉・口腔系の疾患・病態について病因、疫学、症候、検査、診断、治療法を理解している。	Understand the etiology, epidemiology, syndromes, examination, diagnosis, and treatment of diseases and conditions of the ear, nose, throat, and oral cavity system.
299	PS-02-17-01	脳とこころの働きについて基本的事項を理解している。	Understand basic matters about the function of the brain and the mind.
300	PS-02-17-02	精神系でみられる症候について理解している。	Understand the syndromes seen in the mental system.
301	PS-02-17-03	精神系で行う検査方法について基本的事項を理解している。	Understand the basic items about the examination methods performed in the mental system.
302	PS-02-17-04	精神系疾患に特異的な治療法について基本的事項を理解している。	Understand the basics of treatment methods specific to mental system disorders.
303	PS-02-17-05	精神系の疾患・病態について病因、疫学、症候、検査、診断、治療法を理解している。	Understand the etiology, epidemiology, syndromes, examination, diagnosis, and treatment of diseases and conditions of the mental system.
304	PS-03-01-01	集団遺伝学の基礎としてハーディ・ワインベルグの法則について概要を理解している。	Have an overview of Hardy-Weinberg's law as a basis for population genetics.
305	PS-03-01-02	家系図を作成し、評価できる。	Be able to create and evaluate a family tree.
306	PS-03-01-03	生殖細胞系列変異と体細胞変異の違い、遺伝学的検査の目的と意義について理解している。	Understand the difference between germline and somatic mutations, and the purpose and significance of genetic testing.
307	PS-03-01-04	遺伝情報の特性（不変性、予見性、共有性、あいまい性）について理解している。	Understand the properties of genetic information (invariance, predictability, shareability, and ambiguity).
308	PS-03-01-05	遺伝カウンセリングの意義と方法について理解している。	Understand the significance and methods of genetic counseling.
309	PS-03-01-06	遺伝医療における倫理的・法的・社会的配慮について理解している。	Understand the ethical, legal, and social considerations in genetic medicine.
310	PS-03-01-07	遺伝医学関連情報にアクセスすることができる。	Access to genetic medicine related information.
311	PS-03-01-08	遺伝情報に基づく治療や予防をはじめとする未発症者を含む患者・家族への適切な対処法について概要を理解している。	Outline appropriate measures for patients and families, including those who have not yet been diagnosed, including treatment and prevention based on genetic information.
312	PS-03-02-01	膠原病、血管炎、リウマチ性疾患、アレルギー性疾患、自己免疫疾患の概念を区別して理解し、それぞれに含まれる疾患を列挙できる(表1)。	Differentiate and understand the concepts of collagen disease, vasculitis, rheumatic disease, allergic disease, and autoimmune disease and list the diseases included in each (Table 1).
313	PS-03-02-02	膠原病、血管炎、リウマチ性疾患、アレルギー性疾患、自己免疫疾患でみられる症状・症候について説明できる(表2-17)。	Describe the symptoms and syndromes seen in collagen diseases, vasculitis, rheumatic diseases, allergic diseases, and autoimmune diseases (Table 2-17).
314	PS-03-02-03	免疫血清学検査の原理と検査結果の臨床的意義について理解している(表2-17)。	Understand the principles of immunoserology testing and the clinical significance of test results (Table 2-17).
315	PS-03-02-04	膠原病、血管炎、リウマチ性疾患、アレルギー性疾患、自己免疫疾患に使用する治療薬について理解している(表2-17)。	Understand the therapeutic agents used for collagen diseases, vasculitis, rheumatic diseases, allergic diseases, and autoimmune diseases (Table 2-17).
316	PS-03-02-05	膠原病、血管炎、リウマチ性疾患、アレルギー性疾患、自己免疫疾患の疾患・病態について病因、疫学、症候、主な検査・診断、治療法、合併症を説明できる(表2-17)。	Describe the etiology, epidemiology, syndromes, major tests and diagnoses, treatment, and complications of diseases and conditions of collagen diseases, vasculitis, rheumatic diseases, allergic diseases, and autoimmune diseases (Table 2-17).
317	PS-03-03-01	代表的な市中感染症の原因微生物について理解している。	Understand the causative microorganisms of typical community-acquired infections.
318	PS-03-03-02	代表的な医療関連感染の原因微生物について理解している。	Understand the typical causative microorganisms of healthcare-associated infections.
319	PS-03-03-03	代表的な免疫不全患者の罹患しやすい微生物について概要を理解している。	Have an overview of the microorganisms that are susceptible to typical immunocompromised patients.
320	PS-03-03-04	薬剤耐性の現状、代表的な薬剤耐性菌（メチシリン耐性黄色ブドウ球菌等）と抗菌薬適正使用等の予防策について理解している。	Understand the current status of drug resistance, typical drug-resistant bacteria (e.g., methicillin-resistant Staphylococcus aureus), and preventive measures such as proper use of antimicrobial agents.
321	PS-03-03-05	患者（宿主）、感染臓器・部位、原因微生物の関係について理解している。	Understand the relationship between the patient (host), the organ/site of infection, and the causative microorganism.
322	PS-03-03-06	代表的な市中感染症のリスク因子、感染経路・侵入門戸、病態生理について理解している。	Understand the risk factors, routes of infection/gates of entry, and pathophysiology of typical community-acquired infections.
323	PS-03-03-07	代表的な医療関連感染のリスク因子、感染経路・侵入門戸、病態生理を理解している。	Understand the risk factors, routes of infection/gateways of entry, and pathophysiology of typical healthcare-associated infections.
324	PS-03-03-08	敗血症と血流感染の相違を理解し、病態について理解している。	Understand the difference between sepsis and bloodstream infection and understand the pathogenesis.
325	PS-03-03-09	新興感染症等についてその感染経路を理解し、必要な感染対策を理解している。	Understand how emerging infectious diseases and other infectious diseases are transmitted, and understand the necessary infection control measures.
326	PS-03-03-10	医療面接と身体所見から感染臓器と原因微生物を想定し理解している。	Assumption and understanding of infected organs and causative microorganisms from medical interviews and physical findings.
327	PS-03-03-11	医療面接と身体診察から想定した原因微生物の診断方法について理解している。	Understand how to diagnose the causative microorganisms assumed from the medical interview and physical examination.
328	PS-03-03-12	発熱患者への基本検査（血液培養2セット、尿検査・尿培養、胸部エックス線写真等）について理解している。	Understand basic laboratory tests (2 sets of blood cultures, urinalysis/urine culture, chest radiographs, etc.) for febrile patients.
329	PS-03-03-13	抗菌薬投与の原則（抗菌薬投与前に培養検体を提出する、微生物と臓器による標準薬を選択し投与期間を設定する）について理解している。	Understands the principles of antimicrobial drug administration (culture specimens should be submitted prior to antimicrobial administration, standard drugs should be selected based on microorganisms and organs, and the duration of administration should be set).
330	PS-03-03-14	抗菌薬の初期治療（経験的治療）について理解している。	Understand initial antimicrobial therapy (empiric therapy).
331	PS-03-03-15	抗菌薬の最適治療（標的治療）について理解している。	Understand the optimal treatment of antimicrobial agents (targeted therapy).
332	PS-03-03-16	ワクチン予防可能な疾患について理解している(表1)。	Understand vaccine-preventable diseases (Table 1).
333	PS-03-03-17	職業感染対策（ワクチン接種、針刺切創・体液曝露、結核曝露等）について理解している。	Understand occupational infection control measures (vaccination, needle puncture wounds and body fluid exposure, tuberculosis exposure, etc.).
334	PS-03-03-18	標準予防策（スタンダード・プリコーション）、感染経路別予防策（飛沫感染予防策、接触感染予防策、空気感染予防策等）が必要となる病原微生物、患者から医療従事者への病原微生物曝露を防ぐための個人防護具、予防接種等、医療従事者の体液曝露後の感染予防策について理解している。	Understands standard precautions (standard precautions), pathogenic microorganisms for which route-specific precautions (e.g., droplet, contact, and airborne infection precautions) are required, personal protective equipment to prevent exposure of pathogenic microorganisms from patients to healthcare workers, immunizations, and other measures to prevent infection after exposure to healthcare workers' body fluids The candidate understands the following.
335	PS-03-04-01	腫瘍の定義とその特性について、ゲノム異常や分子機構(エピゲノム修飾を含む)とともに理解している。	Understand the definition of tumors and their characteristics, along with genomic abnormalities and molecular mechanisms (including epigenomic modifications).
336	PS-03-04-02	我が国及び世界における各腫瘍の頻度等について理解している。	Understand the frequency of each tumor in Japan and the world, etc.
337	PS-03-04-03	腫瘍性疾患発症の遺伝的素因・基礎疾患・感染症・環境生活習慣等のリスク因子、腫瘍の予防・検診について理解している。	Understand risk factors such as genetic predisposition, underlying diseases, infectious diseases, and environmental lifestyle for the development of neoplastic diseases, as well as prevention and screening for tumors.
338	PS-03-04-04	腫瘍マーカー、バイオマーカー、がん遺伝子パネル検査等、腫瘍に特化した検査とその所見について概要を理解している。	Have an overview of tumor-specific tests and their findings, including tumor markers, biomarkers, and oncogene panel tests.
339	PS-03-04-05	腫瘍の内視鏡検査・画像検査（エックス線、CT、MRI、PET・核医学、超音波等）の異常所見がわかり診断できる。	Able to recognize and diagnose abnormal findings on endoscopy and imaging studies (X-rays, CT, MRI, PET/nuclear medicine, ultrasound, etc.) of tumors.
340	PS-03-04-06	腫瘍の生検・細胞診や病理検査とその所見について概要を理解している。	Understand an overview of tumor biopsy/cytology and pathology and its findings.
341	PS-03-04-07	腫瘍のTNM分類、ステージについて概要を理解している。	Have an overview of TNM classification and stages of tumors.
342	PS-03-04-08	がんの症候について理解している(表2-19)。	Understands cancer syndromes (Table 2-19).
343	PS-03-04-09	主な造血器腫瘍の症候、診断、治療について理解している。	Understand the presentation, diagnosis, and treatment of major hematopoietic tumors.
344	PS-03-04-10	主な脳腫瘍の症候、診断、治療について概要を理解している。	Have an overview of the major brain tumor syndromes, diagnosis, and treatment.
345	PS-03-04-11	主な皮膚腫瘍の症候、診断、治療について概要を理解している。	Have an overview of the presentation, diagnosis, and treatment of major skin tumors.
346	PS-03-04-12	主な骨軟部腫瘍の症候、診断、治療について概要を理解している。	Have an overview of the presentation, diagnosis, and treatment of major bone and soft tissue tumors.
347	PS-03-04-13	主な胸部腫瘍（呼吸器系）の症候、診断、治療について概要を理解している。	Understand an overview of the presentation, diagnosis, and treatment of major thoracic tumors (respiratory).
348	PS-03-04-14	主な消化器腫瘍の症候、診断、治療について理解している。	Understand the presentation, diagnosis, and treatment of major gastrointestinal tumors.
349	PS-03-04-15	主な泌尿器系腫瘍の症候、診断、治療について理解している。	Understand the presentation, diagnosis, and treatment of major urologic tumors.
350	PS-03-04-16	主な生殖器系腫瘍の症候、診断、治療について理解している。	Understand the presentation, diagnosis, and treatment of major reproductive system tumors.
351	PS-03-04-17	主な乳腺腫瘍の症候、診断、治療について理解している。	Understand the presentation, diagnosis, and treatment of major breast tumors.
352	PS-03-04-18	主な内分泌系腫瘍の症候、診断、治療について理解している。	Understand the presentation, diagnosis, and treatment of major endocrine system tumors.
353	PS-03-04-19	主な頭頸部癌の症候、診断、治療について理解している。	Understands the presentation, diagnosis, and treatment of major head and neck cancers.
354	PS-03-04-20	主な小児腫瘍の種類、症候、診断、治療について理解している。	Understand the types, syndromes, diagnosis, and treatment of major pediatric tumors.
355	PS-03-04-21	原発不明癌、転移性腫瘍、重複癌、AYA世代の腫瘍、希少がんの種類、症候、診断、治療について概要を理解している。	An overview of the types, syndromes, diagnosis, and treatment of cancers of unknown primary, metastatic tumors, overlapping cancers, AYA generation tumors, and rare cancers.
356	PS-03-04-22	オンコロジーエマージェンシー（脊髄圧迫、腫瘍崩壊、上大静脈症候群、代謝障害、治療の有害事象等）の起こりやすいがん、病態生理、症候と対応について概要を理解している。	An overview of cancers, pathophysiology, syndromes and responses to the likely oncology emergencies (spinal cord compression, tumor collapse, superior vena cava syndrome, metabolic disorders, adverse events of treatment, etc.).
357	PS-03-04-23	主な腫瘍の手術療法について概要を理解している。	Understand an overview of the surgical treatment of major tumors.
358	PS-03-04-24	主な腫瘍の放射線療法・インターベンショナルラジオロジーの適応について概要を理解している。	Understand an overview of the indications for radiation therapy and interventional radiology for major tumors.
359	PS-03-04-25	主な腫瘍の薬物療法（細胞障害性抗癌薬、分子標的治療薬）、造血幹細胞移植、がん免疫に関する治療法について概要を理解している。	An overview of the major tumor drug therapies (cytotoxic anticancer drugs, molecular targeted therapies), hematopoietic stem cell transplantation, and therapies related to cancer immunology.
360	PS-03-04-26	がん患者に対する支持療法及び緩和ケアを理解している。	Understand supportive and palliative care for cancer patients.
361	PS-03-04-27	腫瘍性疾患患者が直面する社会的・精神的な課題について理解している。	Understand the social and emotional challenges faced by patients with oncologic diseases.
362	PS-03-05-01	地域の救急医療体制について病院前救護体制、メディカルコントロール、初期・二次・三次救急医療の概念を用いて概要を理解している。	Understand an overview of the local emergency medical care system using the concepts of pre-hospital emergency care system, medical control, and initial, secondary, and tertiary emergency medical care.
363	PS-03-05-02	ショックの原因分類としての①血流分布異常性ショック（アナフィラキシー、敗血症性、神経原性）、②循環血液量減少性ショック（出血性、体液喪失）、③心原性ショック（心筋収縮力低下、弁疾患、不整脈）、④閉塞性ショック（心タンポナーデ、肺塞栓症、緊張性気胸）とそれぞれの病態及び診断の要点について理解している。	Understand (1) abnormal blood flow distribution shock (anaphylactic, septic, neurogenic), (2) hypovolemic shock (hemorrhagic, fluid loss), (3) cardiogenic shock (myocardial contractility, valve disease, arrhythmia), (4) obstructive shock (cardiac tamponade, pulmonary embolism, tension pneumothorax) and their respective pathogenesis and diagnosis. Understand the pathophysiology and key points of diagnosis.
364	PS-03-05-03	ショックの患者の初期対応と原因に応じた治療について理解している。	Understand the initial response and cause-specific treatment of patients with shock.
365	PS-03-05-04	心停止の原因分類としての①心血管原性（急性心筋梗塞、急性大動脈解離、大動脈瘤破裂、肺塞栓症）、②呼吸原性（気道閉塞、緊張性気胸、肺実質病変による低酸素血症）、③ 神経原性（重症頭部・脊髄外傷、急性くも膜下出血）、④中毒・環境要因（中毒、熱中症、低体温症）、⑤電解質・酸塩基平衡異常（低・高カリウム血症、アシドーシス、低血糖）と病態及び診断の要点について理解している。	Understand the classification of causes of cardiac arrest: (1) cardiovascular (acute myocardial infarction, acute aortic dissection, ruptured aortic aneurysm, pulmonary embolism), (2) respiratory (airway obstruction, tension pneumothorax, hypoxemia due to parenchymal lung lesions), (3) neurogenic (severe head and spinal trauma, acute subarachnoid hemorrhage), (4) poisoning and environmental factors (poisoning, heat stroke, hypothermia), (5) electrolyte and acid-base imbalance (hypo- and hyperkalemia, acidosis, hypoglycemia). Understand electrolyte and acid-base imbalance (hypo- and hyperkalemia, acidosis, hypoglycemia) and the key points of pathophysiology and diagnosis.
366	PS-03-05-05	心停止患者の初期対応（一次・二次救命処置）と原因に応じた治療について理解している(表2-20)。	Understand the initial response (primary and secondary life support) and cause-specific treatment of patients with cardiac arrest (Table 2-20).
367	PS-03-05-06	中毒患者が呈するトキシドロームに基づき病歴と身体所見から中毒の起因物質を推定できる。	The substance responsible for the poisoning can be inferred from the history and physical findings based on the toxidrome presented by the poisoned patient.
368	PS-03-05-07	中毒患者への治療としての吸収の阻害、排泄の促進、拮抗薬の適応と禁忌について概要を理解している。	Outline the indications and contraindications for inhibition of absorption, promotion of elimination, and antagonists as treatment for patients with addiction.
369	PS-03-05-08	食中毒、ガス中毒（一酸化炭素中毒、硫化水素、青酸ガス）、農薬（有機リン・有機塩素）、アルコール、薬物（睡眠薬・向精神薬・解熱鎮痛薬・麻薬・覚醒剤）による中毒の病因（発生機序）、症候、診断と治療について理解している。	Understand the etiology (mechanism of occurrence), symptoms, diagnosis and treatment of food poisoning, gas poisoning (carbon monoxide poisoning, hydrogen sulfide, cyanide gas), pesticide (organophosphorus, organochlorine), alcohol, and drug poisoning (sleeping pills, psychotropic drugs, antipyretic analgesics, narcotics, stimulants).
370	PS-03-05-09	水銀、鉛、青酸、ヒ素、パラコート、自然毒、腐食剤による中毒（酸、アルカリ、フッ化水素）、ボタン電池誤飲 による中毒について理解している。	Understand mercury, lead, cyanide, arsenic, paraquat, natural poisons, poisoning by corrosives (acids, alkalis, hydrogen fluoride), and poisoning by accidental ingestion of button batteries.
371	PS-03-05-10	高温による障害（熱中症）、低温による障害（低体温症）の症候、主な検査・診断、治療法について理解している。	Understand the symptoms, major tests and diagnoses, and treatment of disorders caused by high temperatures (heat stroke) and low temperatures (hypothermia).
372	PS-03-05-11	気圧、振動、騒音による障害の症候、主な検査・診断、治療法について概要を理解している。	Outline the symptoms, major tests and diagnoses, and treatments for air pressure, vibration, and noise-induced disorders.
373	PS-03-05-12	外傷の病態と診断の要点について理解している。	Understand the pathophysiology of trauma and the essentials of diagnosis.
374	PS-03-05-13	熱傷の重症度を評価し（気道熱傷の有無、熱傷面積及び深達度）、治療方針について理解している。	Understand how to assess the severity of burns (presence/absence of airway burns, burn area and depth) and the treatment strategy.
375	PS-03-05-14	臓器不全（多臓器不全、サイトカインストーム、播種性血管内凝固症候群）について理解している。	Understand organ failure (multiple organ failure, cytokine storm, disseminated intravascular coagulation syndrome).
376	PS-03-05-15	集中治療及び集中治療室の概要を理解している。	Understands intensive care and intensive care units.
377	PS-03-05-16	侵襲(手術，外傷，熱傷)で生じる生体侵襲と生体反応を理解している。	Understand the biological invasion and biological reactions that occur in invasive procedures (surgery, trauma, burns).
378	PS-03-05-17	人工呼吸管理・体外式膜型肺・補助循環・急性血液浄化法が必要な病態とその意義を理解している。	Understand the conditions that require ventilatory management, extracorporeal membrane lung, assisted circulation, and acute blood purification methods and their significance.
379	PS-03-05-18	重症患者に対する体温管理(体温維持療法を含む)及び栄養管理を理解している。	Understand temperature management (including temperature maintenance therapy) and nutritional management for critically ill patients.
380	PS-03-05-19	集中治療後症候群について概念を理解している。	Understand the concept of post-intensive care syndrome.
381	PS-03-06-01	放射線の種類と放射能、これらの性質・定量法・単位について概要を理解している。	Understand the types of radiation and radioactivity, and an overview of their properties, quantification methods, and units.
382	PS-03-06-02	内部被ばくと外部被ばくについて、線量評価やその病態、症候、診断と治療について概要を理解している。	Understand the overview of internal and external exposure in terms of dosimetry, its pathogenesis, syndromes, diagnosis and treatment.
383	PS-03-06-03	放射線及び電磁波の人体（胎児を含む）への影響（急性影響と晩発影響）と適切な利用法について理解している。	Understand the effects of radiation and electromagnetic radiation on the human body (including the fetus) (acute and late effects) and appropriate uses.
384	PS-03-06-04	種々の正常組織の放射線の透過性や放射線感受性の違いについて理解している。	Understand the differences in radiation penetrability and radiosensitivity of various normal tissues.
385	PS-03-06-05	磁気共鳴画像で用いられている磁場や電磁波の特徴を理解し、人体や植え込みデバイスの発熱等の現象について理解している。	Understand the characteristics of magnetic fields and electromagnetic waves used in magnetic resonance imaging, and understand phenomena such as heat generation in the human body and implanted devices.
386	PS-03-06-06	医療被ばく・職業被ばくも含めた放射線被ばく低減の３原則と安全管理を理解し、放射線を用いる画像検査と処置(エックス線撮影、CT、核医学、血管造影及びインターベンショナルラジオロジー、エックス線透視等)の被ばく軽減を実行できる。	Understand the three principles of radiation exposure reduction, including medical and occupational exposure, and safety management, and be able to perform imaging examinations and procedures using radiation (radiography, CT, nuclear medicine, angiography, interventional radiology, fluoroscopy, etc.) to reduce exposure.
387	PS-03-06-07	放射線診断や血管造影及びインターベンショナルラジオロジー等の利益とコスト･リスク(被ばく線量、急性・晩発影響等)を知り、適応の有無を判断できる。	Know the benefits, costs, and risks (e.g., radiation dose, acute and late effects) of diagnostic radiology, angiography, and interventional radiology, and determine whether they are indicated.
388	PS-03-06-08	放射線治療の生物学的原理と、放射線の遺伝子・細胞への作用と放射線による細胞死の機序、局所的・全身的影響について概要を理解している。	An overview of the biological principles of radiotherapy and the mechanisms of radiation-induced cell death and local and systemic effects of radiation on genes and cells.
389	IT-01-01-01	情報・科学技術を医療に活用することの重要性と社会的意義を理解している。	Understand the importance and social significance of utilizing information and scientific technology in medicine.
390	IT-01-01-02	医療における情報・科学技術に関連する規制（法律、ガイドライン等）の概要を理解している。	Understand the regulations (laws, guidelines, etc.) related to information and science technology in healthcare.
391	IT-01-01-03	デジタル情報や科学技術の活用における社会的格差が医療や福祉にもたらす影響や倫理的問題を議論できる。	Discuss the impact of social disparities in the use of digital information and science and technology on health care and welfare, as well as ethical issues.
392	IT-01-02-01	電子カルテをはじめとする医療情報の管理・保管の原則について理解し、関連する規制（法律、倫理基準、個人情報保護のための規定等）を遵守できる。	Understand the principles of management and storage of medical information, including electronic medical records, and be able to comply with relevant regulations (laws, ethical standards, regulations for the protection of personal information, etc.).
393	IT-01-02-02	ソーシャルメディア(インターネット、SNS等)の利用において、医療者として相応しい情報発信の在り方を理解し、実践できる。	Understand and practice the appropriate way of information dissemination as a medical professional in the use of social media (Internet, SNS, etc.).
394	IT-02-01-01	情報端末（コンピューター、スマートフォン等）を用いてインターネットやアプリ等を医療の実践に活用できる。	Able to use information terminals (computers, smart phones, etc.) to utilize the Internet, applications, etc. in the practice of medicine.
395	IT-02-01-02	情報・科学技術を用いて収集した情報およびデータを基に問題解決を図る。	Problem solving based on information and data collected through information and science technology.
396	IT-02-02-01	医療に関連する情報・科学技術（医療情報システム、ウェアラブルデバイス、アプリ、人工知能、遠隔医療技術、IoT等）を理解し、それらの応用可能性について議論できる。	Understand information and science technologies related to healthcare (medical information systems, wearable devices, apps, artificial intelligence, telemedicine technology, IoT, etc.) and discuss their potential applications.
397	IT-02-02-02	情報・科学技術の専門家とともに、技術を医療へ応用する際に、医療者に求められる役割を理解している。	Working with information and scientific technology professionals, they understand the role required of health care providers in applying technology to health care.
398	IT-03-01-01	電子カルテの特性を踏まえた適切な記載や活用ができる。	Appropriate description and use of electronic medical records based on their characteristics.
399	IT-03-01-02	遠隔コミュニケーションの在り方を理解し、その目的に応じて適切なツール（電子メール、テレビ会議システム、SNS等）を選択し利用できる。	Understand the nature of remote communication, and be able to select and use appropriate tools (e-mail, video conferencing systems, SNS, etc.) according to the purpose of the communication.
400	IT-03-02-01	自己学習や協同学習の場に適切なICT（eラーニング、モバイル技術等）を活用できる。	Be able to utilize appropriate ICT (e.g., e-learning, mobile technology, etc.) for self and cooperative learning.
401	IT-03-02-02	新たに登場する情報・科学技術を自身の学び及び医療に活用する柔軟性を有する。	Flexibility to apply emerging information, science, and technology to his/her own learning and medical care.
402	CS-01-01-01	医療面接における基本的コミュニケーション技法を用いることができる。	Use basic communication techniques in medical interviewing.
403	CS-01-01-02	病歴（主訴、現病歴、常用薬、アレルギー歴、既往歴、家族歴、嗜好、生活習慣、社会歴・職業歴、生活環境、家庭環境、海外渡航歴、システムレビュー）を聴き取り、情報を取捨選択し整理できる。	Listens to the patient's medical history (chief complaint, current medical history, medications used, history of allergies, medical history, family history, preferences, lifestyle, social and occupational history, living environment, family environment, overseas travel history, and systems review) and is able to select, select, and organize the information.
404	CS-01-01-03	患者に関わる人達から必要な情報を得ることができる。	Get the information you need from the people involved with your patients.
405	CS-01-02-01	患者の状態に応じた診察ができる。	Able to examine patients according to their condition.
406	CS-01-02-02	全身の外観（体型、栄養、姿勢、歩行、顔貌、皮膚、発声）を評価できる。	Able to assess general appearance (body shape, nutrition, posture, gait, facial appearance, skin, speech).
407	CS-01-02-03	バイタルサイン（体温、脈拍、血圧、呼吸数、酸素飽和度）の測定ができる。	Able to measure vital signs (temperature, pulse, blood pressure, respiratory rate, and oxygen saturation).
408	CS-01-02-04	適切な体位（立位、座位、半座位、臥位、砕石位）で診察できる。	Ability to examine the patient in appropriate positions (standing, sitting, half-sitting, supine, and lithotriptic).
409	CS-01-02-05	部位毎の身体診察(表3)ができる。	Able to perform a physical examination (Table 3) for each site.
410	CS-01-02-06	基本診療科(表4)において必要な診察ができる。	Can perform the necessary medical examinations in the basic departments (Table 4).
411	CS-02-01-01	適切に患者の情報を収集し、問題志向型医療記録を作成できる。	Able to gather appropriate patient information and create a problem-oriented medical record.
412	CS-02-01-02	診療経過を主観的所見・客観的所見・評価・計画で記載できる。	The patient can describe the course of medical treatment in terms of subjective and objective findings, evaluation, and planning.
413	CS-02-01-03	過去の診療経過をまとめて診療録に記載できる。	Able to summarize past medical history and document it in the medical record.
414	CS-02-02-01	主要症候(表5)について原因と病態生理を理解している。	Understand the causes and pathophysiology of the major syndromes (Table 5).
415	CS-02-02-02	主要症候(表5)について鑑別診断を検討し、診断の要点を説明できる。	Review differential diagnosis for major symptoms (Table 5) and explain the main points of diagnosis.
416	CS-02-02-03	基本診療科(表4)で主訴からの診断推論を組み立てられる。	The basic medical department (Table 4) can construct a diagnostic inference from the chief complaint.
417	CS-02-02-04	基本診療科(表4)における疾患の病態や疫学を理解している。	Understand the pathogenesis and epidemiology of diseases in basic medical departments (Table 4).
418	CS-02-03-01	主要な臨床・画像検査(表6)の目的と意義を理解し、診断仮説の検証に最低限必要な検査項目を選択して、結果を解釈できる。	Understand the purpose and significance of the major clinical and imaging tests (Table 6), select the minimum number of tests needed to test the diagnostic hypothesis, and interpret the results.
419	CS-02-03-02	主要な臨床・画像検査(表6)の正しい検体採取方法と検体保存方法を理解している。	Understand the correct specimen collection and specimen storage procedures for the major clinical and imaging tests (Table 6).
420	CS-02-03-03	主要な臨床・画像検査(表6)の安全な実施方法（患者確認と検体確認、検査の合併症、感染症予防、精度管理）を理解している。	Understand how to safely perform the major clinical and imaging tests (Table 6) (patient and specimen verification, laboratory complications, infection prevention, and accuracy control).
421	CS-02-03-04	主要な臨床・画像検査(表6)の特性（感度、特異度、偽陽性、偽陰性、検査前確率・検査後確率、尤度比、ROC曲線）と判定基準（基準値・基準範囲、カットオフ値、パニック値）を理解している。	Understand the characteristics (sensitivity, specificity, false positive, false negative, pre-test and post-test probability, likelihood ratio, ROC curve) and criteria (reference value, reference range, cut-off value, panic value) of the major clinical and imaging tests (Table 6).
422	CS-02-03-05	主要な臨床・画像検査(表6)の生理的変動、測定誤差、精度管理、ヒューマンエラーについて理解している。	Understand physiological variability, measurement error, accuracy control, and human error in major clinical and imaging tests (Table 6).
423	CS-02-03-06	患者に応じた検査値特性を理解し、結果を解釈できる。	Understand patient-specific laboratory characteristics and interpret results.
424	CS-02-03-07	主要な臨床・画像検査(表6)の目的と適応を理解し、解釈できる。	Understand and interpret the purpose and indications for the major clinical and imaging tests (Table 6).
425	CS-02-04-01	主要症候(表5)について初期対応を計画し、専門的診療が必要かどうかを考えることができる。	Plan the initial response for the major syndromes (Table 5) and consider whether specialized care is needed.
426	CS-02-04-02	服薬の基本・アドヒアランスについて理解している。	Understand the basics of medication and adherence.
427	CS-02-04-03	処方箋の下書きを作成できる。	Able to draft prescriptions.
428	CS-02-04-04	薬の薬理作用、適応、有害事象、投与時の注意事項について理解している。	Understand the drug's pharmacological actions, indications, adverse events, and precautions for administration.
429	CS-02-04-05	年齢や臓器障害に応じた薬物動態の特徴を考慮した薬剤投与の注意点について理解している。	Understand the precautions for drug administration, taking into account pharmacokinetic characteristics according to age and organ damage.
430	CS-02-04-06	薬物動態的相互作用について理解している。	Understand pharmacokinetic interactions.
431	CS-02-04-07	使用禁忌、特定条件下での薬物使用（アンチ・ドーピング等）について理解している。	Understand contraindications for use and the use of drugs under certain conditions (e.g., anti-doping).
432	CS-02-04-08	主な薬物アレルギーの症候、診察、診断、予防策と対処法について理解している。	Understand the major drug allergy syndromes, examination, diagnosis, preventive measures and remedies.
433	CS-02-04-09	薬物の蓄積、耐性、タキフィラキシー、依存の概要を理解している。	Understand drug accumulation, tolerance, tachyphylaxis, and dependence overview.
434	CS-02-04-10	抗腫瘍薬の適応、有害事象、投与時の注意事項について理解している。	Understand the indications, adverse events, and precautions for administration of anti-tumor drugs.
435	CS-02-04-11	抗微生物薬の薬理作用、適応、有害事象、投与時の注意事項について理解している。	Understand the pharmacological actions, indications, adverse events, and administration precautions for antimicrobial agents.
436	CS-02-04-12	オピオイド鎮痛薬・鎮静薬の適応、有害事象、投与時の注意事項について理解している。	Understand the indications for opioid analgesics and sedatives, adverse events, and precautions for their administration.
437	CS-02-04-13	分子標的薬・バイオ医薬の薬理作用と有害事象の概要を理解している。	Understand the pharmacological effects and adverse events of molecularly targeted drugs and biopharmaceuticals.
438	CS-02-04-14	漢方医学の特徴、主な和漢薬（漢方薬）の適応、薬理作用について概要を理解している。	Understand the characteristics of Kampo medicine, indications of major Wakan-yaku (Chinese herbal medicines), and their pharmacological actions in general.
439	CS-02-04-15	主な放射線治療法の適応の概要を理解している。	Understand an overview of the indications for the main radiotherapy modalities.
440	CS-02-04-16	インターベンショナルラジオロジーについて概要を理解している。	Have an overview of interventional radiology.
441	CS-02-04-17	内視鏡を用いる治療の概要を理解している。	Understand the overview of treatment using endoscopes.
442	CS-02-04-18	超音波を用いる治療の概要を理解している。	Understand the overview of treatment using ultrasound.
443	CS-02-04-19	被覆材の種類と適応、効果について理解している。	Understand the types of coating materials, their indications and effects.
444	CS-02-04-20	外科的治療の適応と合併症について理解している。	Understand the indications and complications of surgical treatment.
445	CS-02-04-21	手術の危険因子とその対応の基本について理解している。	Understand the risk factors for surgery and the basics of how to deal with them.
446	CS-02-04-22	主な術後合併症とその予防の基本について理解している。	Understand the major postoperative complications and the basics of their prevention.
447	CS-02-04-23	手術および侵襲的処置に関するインフォームド・コンセントの注意点について理解している。	Understand informed consent precautions for surgery and invasive procedures.
448	CS-02-04-24	周術期における事前のリスク評価について理解している。	Understands perioperative advance risk assessment.
449	CS-02-04-25	周術期における主な薬剤の服薬管理（継続、中止等）の必要性とそれに伴うリスクについて理解している。	Understand the need for medication management (continuation, discontinuation, etc.) of major medications in the perioperative period and the associated risks.
450	CS-02-04-26	周術期における輸液・輸血について理解している。	Understand perioperative transfusion and blood transfusion.
451	CS-02-04-27	周術期における疼痛の管理について理解している。	Understand the management of pain in the perioperative period.
452	CS-02-04-28	局所麻酔、末梢神経ブロック、神経叢ブロック、脊髄くも膜下麻酔、硬膜外麻酔の適応、禁忌と合併症について概要を理解している。	Understand the indications, contraindications and complications of regional anesthesia, peripheral nerve blocks, plexus blocks, spinal subarachnoid anesthesia, and epidural anesthesia in outline.
453	CS-02-04-29	麻酔管理を安全に行うための術前評価について概要を理解している。	Have an overview of preoperative assessment for safe anesthesia management.
454	CS-02-04-30	安全な麻酔のためのモニタリングの方法、重要な異常所見と対処法について概要を理解している。	Understand how to monitor for safe anesthesia and outline important abnormal findings and how to address them.
455	CS-02-04-31	麻酔薬と筋弛緩薬の種類と使用上の原則について理解している。	Understand the types of anesthetics and muscle relaxants and the principles of their use.
456	CS-02-04-32	吸入麻酔と静脈麻酔の適応、禁忌、方法、事故と合併症について理解している。	Understand the indications, contraindications, methods, accidents and complications of inhalation and intravenous anesthesia.
457	CS-02-04-33	気管挿管を含む各種の気道確保法を理解している。	Understands the various methods of securing the airway, including tracheal intubation.
458	CS-02-04-34	栄養アセスメント、栄養ケア・マネジメント、栄養サポートチーム、疾患別の栄養療法について理解している。	Understand nutrition assessment, nutrition care management, nutrition support teams, and disease-specific nutrition therapy.
459	CS-02-04-35	経静脈栄養と経管・経腸栄養の適応、方法と合併症、長期投与時の注意事項について理解している。	Understand the indications, methods and complications of intravenous and tube/enteral nutrition, and precautions for long-term administration.
460	CS-02-04-36	主な医療機器の種類と原理について概要を理解している。	Have an overview of the main types and principles of medical devices.
461	CS-02-04-37	主な人工臓器の種類と原理について概要を理解している。	Understand an overview of the main types of artificial organs and their principles.
462	CS-02-04-38	血液製剤及び血漿分画製剤の種類と適応について理解している。	Understand the types of blood products and plasma fractionation products and their indications.
463	CS-02-04-39	輸血副反応、輸血使用記録保管義務、不適合輸血の防止手順について理解している。	Understands blood transfusion adverse reactions, transfusion use record keeping requirements, and procedures for preventing incompatible transfusions.
464	CS-02-04-40	輸血の適正使用、成分輸血、自己血輸血、緊急時の輸血について理解している。	Understand the proper use of blood transfusion, component transfusion, autologous transfusion, and emergency transfusion.
465	CS-02-04-41	移植医療（臓器移植、組織移植、造血幹細胞移植等）の我が国と世界の状況について概要を理解している。	Understand the overview of the status of transplantation medicine (organ transplantation, tissue transplantation, hematopoietic stem cell transplantation, etc.) in Japan and the world.
466	CS-02-04-42	終末期医療における臓器・組織提供選択提示の意義について概要を理解している。	Understand an overview of the significance of organ and tissue donation choice presentation in end-of-life care.
467	CS-02-04-43	移植における免疫応答（拒絶反応、移植片対宿主病）について理解している。	Understand the immune response in transplantation (rejection, graft-versus-host disease).
468	CS-02-04-44	移植後の免疫抑制について概要を理解している。	Have an overview of post-transplant immunosuppression.
469	CS-02-04-45	リハビリテーションの概念と適応について理解している。	Understand the concept and indications for rehabilitation.
470	CS-02-04-46	機能障害と日常生活動作の評価ができる。	Able to assess functional impairment and activities of daily living.
471	CS-02-04-47	理学療法、作業療法と言語聴覚療法について概要を理解している。	Have an overview of physical therapy, occupational therapy and speech-language pathology.
472	CS-02-04-48	主な歩行補助具、車椅子、義肢（義手、義足）と装具について概要を理解している。	Have an overview of the major walking aids, wheelchairs, prosthetics (artificial limbs, artificial feet) and orthotics.
473	CS-02-04-49	基本診療科(表4)の基本的な治療計画を立案できる。	Able to formulate a basic treatment plan for basic medical care (Table 4).
474	CS-02-05-01	代表的な疾患における患者指導の計画を立案できる。	Be able to develop a plan for patient guidance in typical diseases.
475	CS-03-01-01	検査に関する基本的臨床手技(表7)を実施できる。	Perform basic clinical procedures (Table 7) related to testing.
476	CS-03-02-01	治療に関する基本的臨床手技(表7)を実施できる。	Can perform basic clinical procedures (Table 7) related to treatment.
477	CS-03-03-01	バイタルサインや身体徴候から緊急性の高い状態にある患者を認識できる。	Recognize patients with emergent conditions based on vital signs and physical signs.
478	CS-03-03-02	一次救命処置を実施できる。	Able to perform primary life-saving procedures.
479	CS-03-03-03	頻度や緊急性の高い患者に対する初期対応（二次救命処置を含む）の実施を補助できる。	Able to assist in performing initial response (including secondary life-saving procedures) for patients with high frequency and urgency.
480	CS-03-03-04	外傷の初期対応の実施を補助できる。	Able to assist in the implementation of initial response to trauma.
481	CS-03-03-05	アナフィラキシーショックの対応を補助できる。	Able to assist in response to anaphylactic shock.
482	CS-03-04-01	各種診断書・証明書、診療情報提供書の下書きを作成できる。	Able to draft various medical certificates, certificates, and medical information forms.
483	CS-03-04-02	各種検案書の下書きを作成できる。	Able to prepare drafts for various types of medical examinations.
484	CS-03-05-01	基本診療科(表4)にどのようにコンサルテーションすればよいかを理解している。	Understands how to consult with basic medical departments (Table 4).
485	CS-03-05-02	褥瘡の予防、評価、処置・治療について理解している。	Understand prevention, assessment, and treatment/treatment of bedsores.
486	CS-03-06-01	症例検討会において適切にプレゼンテーションできる。	Be able to make appropriate presentations at case review meetings.
487	CS-03-06-02	診察で得た情報を上級医にわかりやすく報告できる。	Can report information obtained during a consultation to a senior physician in an easy-to-understand manner.
488	CS-04-01-01	M&Mカンファレンスに参加して自身の意見を述べることができる。	Participate in M&M conferences and express their own opinions.
489	CS-04-01-02	CPCに参加して自身の意見を述べることができる。	Participate in the CPC and express their own opinions.
490	CS-05-01-01	品質改善の手法を用いて医療を改善する重要性を理解し、繰り返し評価する姿勢を身に付ける。	Understand the importance of using quality improvement methods to improve healthcare and develop an attitude of repeated evaluation.
491	CS-05-02-01	医療従事者に求められる健康管理（生活習慣改善、予防接種、被ばく低減策）、職業感染対策（結核スクリーニング、ワクチン接種）を実践する。	Practice health management (lifestyle modification, vaccination, exposure reduction measures) and occupational infection control (TB screening, vaccination) required of healthcare workers.
492	CS-05-02-02	自身を含む医療者の労働環境の改善の必要性を理解し、実際の医療現場において改善に努めることができる。	Understand the need to improve the working environment for medical personnel, including themselves, and be able to make efforts to improve it in actual medical settings.
493	CS-05-03-01	患者安全のための管理体制と各々の役割（リスクマネージャー、医療安全管理委員会等）の概要を理解している。	Understand the management system for patient safety and the roles of each (risk manager, medical safety management committee, etc.).
494	CS-05-03-02	医療過誤に関連した刑事・民事責任や医師法に基づく行政処分を理解している。	Understand the criminal and civil liability associated with medical malpractice and the administrative penalties under the Medical Practitioners Act.
495	CS-05-04-01	医療関連感染症に関連したシステム（院内感染対策委員会、院内感染サーベイランス、感染制御チーム、感染対策マニュアル等)の役割や意義を理解して参加する。	Understand and participate in the roles and significance of systems related to healthcare-associated infections (nosocomial infection control committee, nosocomial infection surveillance, infection control team, infection control manual, etc.).
496	CS-05-04-02	標準予防策（スタンダード・プリコーション）の必要性を説明し、実践できる。	Explain the need for and practice standard precautions (standard precautions).
497	CS-05-04-03	針刺切創、体液暴露等に遭遇した際、適切に対処できる。	Can respond appropriately when encountering needle puncture wounds, exposure to body fluids, etc.
498	CS-05-05-01	基本的予防策（患者確認、ダブルチェック、チェックリスト法、類似名称薬への注意喚起、フェイルセイフやフールプルーフの考え方等）を実践できる。	Able to practice basic preventive measures (patient verification, double-checking, checklist method, alerting to similarly named drugs, fail-safe and foolproof concepts, etc.).
499	CS-05-05-02	医療の安全性に関する情報（薬剤等の副作用、薬害、転倒・転落、医療過誤、やってはいけないこと、優れた取組事例等）を共有し、事後に役立てるための分析ができる。	Information on medical safety (side effects of drugs, etc., drug-related injuries, falls, medical errors, what not to do, examples of good practices, etc.) can be shared and analyzed for post-procedural use.
500	CS-05-06-01	個人及び組織における患者安全管理の重要性を理解し、行動できる。	Understand and act on the importance of patient safety management for individuals and organizations.
501	CS-05-06-02	診療録の重要性を理解し、適切に記載し取り扱うことができる。	Understand the importance of medical records and be able to properly document and handle them.
502	CS-05-06-03	真摯に疑義に応じることができる。	Respond to doubts with sincerity.
503	CS-05-06-04	インシデントが発生した際に、緊急対応や記録、報告できる。	Able to respond to, record, and report incidents in the event of an emergency.
504	CM-01-01-01	言語的コミュニケーション技能を発揮して、良好な人間関係を築くことができる。	Demonstrate verbal communication skills to build good relationships.
505	CM-01-01-02	非言語的コミュニケーション（身だしなみ、視線、表情、ジェスチャー等）を意識できる。	Be aware of nonverbal communication (grooming, eye contact, facial expressions, gestures, etc.).
506	CM-01-01-03	患者や家族に敬意を持った言葉遣いや態度で接することができる。	Treat patients and their families with respectful language and attitude.
507	CM-01-01-04	対人関係に関わる心理的要因（陽性感情・陰性感情等）を認識しながらコミュニケーションをとることができる。	Communicate while recognizing psychological factors involved in interpersonal relationships (e.g., positive and negative emotions).
508	CM-01-01-05	相手の話を聞き、事実や自分の意見を相手にわかるように述べることができる。	Able to listen to others and state facts and one's own opinions in a way that others can understand.
509	CM-01-02-01	患者や家族の精神的・身体的・社会的苦痛に十分配慮できる。	Can give full consideration to the emotional, physical, and social distress of patients and their families.
510	CM-01-02-02	患者や家族の話を傾聴し、怒りや悲しみ、不安等の感情を理解し、共感できる。	Listens to patients and their families, understands and empathizes with their feelings of anger, sadness, anxiety, etc.
511	CM-02-01-01	患者や家族の多様性（高齢者、小児、障害者、LGBTQ、国籍、人種、文化・言語・慣習の違い等）に配慮してコミュニケーションをとることができる。	Communicate with consideration for the diversity of patients and families (e.g., elderly, children, disabled, LGBTQ, nationality, race, and cultural, language, and customary differences).
512	CM-02-01-02	患者が理解できるよう、極力専門用語を使わずに、わかりやすく説明できる。	Explain clearly without using jargon as much as possible so that patients can understand.
513	CM-02-02-01	患者や家族と情報共有や意見のすり合わせを行い、理解と同意を踏まえた意思決定を支援できる。	Able to support decision making based on understanding and consent by sharing information and discussing opinions with patients and their families.
514	CM-02-03-01	患者の自己決定を阻害する問題点を理解する。	Understand the issues that impede patient self-determination.
515	CM-02-03-02	患者の経験を尊重し、価値観を明確にできるように傾聴することができる。	Listens respectfully to the patient's experience so that values can be clarified.
516	CM-02-03-03	患者の意思決定支援のために、最善のエビデンスをできるだけ専門用語を使わずに、わかりやすく説明することができる。	Explain the best evidence in an easy-to-understand manner, using as little jargon as possible to support patient decision-making.
517	CM-02-03-04	患者の価値観に沿った目標に基づいた治療方針を計画することができる。	Plan a treatment plan based on goals consistent with the patient's values.
518	CM-03-01-01	患者の心理的及び社会的背景や自立した生活を送るためのニーズを把握することができる。	To understand the psychological and social background of the patient and his/her needs for independent living.
519	CM-03-01-02	患者が抱える課題、問題点を抽出・整理できる。	Able to identify and organize issues and problems faced by patients.
520	CM-03-01-03	患者自身から情報が得られない場合、代理人や保護者等から必要な情報を得ることができる。	If information cannot be obtained from the patient himself/herself, necessary information can be obtained from a proxy, guardian, etc.
521	CM-03-02-01	家族や地域といった視点をもちながら、コミュニケーションをとることができる。	Communicate with family and community perspectives.
522	CM-03-02-02	心理・社会的背景に配慮した診療に可能な範囲で参加することができる。	Participate to the extent possible in medical treatment that takes into account the psychological and social background.
523	CM-03-02-03	医療の不確実性を理解した上で適切な行動や態度をとることができる。	Appropriate actions and attitudes based on an understanding of medical uncertainties.
524	IP-01-01-01	患者・利用者・家族に関連する情報について、多職種及び他の医療系学部の学生と共有できる。	Share information related to patients/users/families with students from multiple professions and other medical faculties.
525	IP-01-02-01	多職種及び他の医療系学部の学生の役割や意見を尊重した説明や返答、問いかけができる。	Be able to explain, respond, and ask questions that respect the roles and opinions of students from multiple professions and other medical faculties.
526	IP-01-03-01	適切な診断・検査・治療のために、適切な施設・専門科・医師への紹介や相談ができる。	Referral to and consultation with the appropriate facility, specialty department, or physician for proper diagnosis, testing, and treatment.
527	IP-01-03-02	患者のケアと責任が継続できるよう、医師間での考えや期待を共有できる。	Share ideas and expectations among physicians to ensure continuity of patient care and responsibility.
528	IP-02-01-01	自らの知識や価値観を多職種及び他の医療系学部の学生に伝えることができる。	To be able to communicate his/her knowledge and values to students from multiple professions and other medical faculties.
529	IP-02-01-02	多職種及び他の医療系学部の学生の中で自らの役割を果たすことができる。	Able to fulfill his/her role among students from multiple professions and other medical faculties.
530	IP-02-02-01	多職種及び他の医療系学部の学生と共に学び、成長できる。	Learn and grow together with students from various professions and other medical faculties.
531	IP-02-02-02	対人関係や対人行動に関わる概念について理解している。	Understand concepts related to interpersonal relationships and interpersonal behavior.
532	IP-02-03-01	医師の役割を多職種及び他の医療系学部の学生に説明できる。	Be able to explain the role of the physician to students from multiple professions and other medical faculties.
533	IP-02-03-02	自らの価値観や言動について、多職種及び他の医療系学部の学生との関係性の中で、相対化できる。	Relative to their own values, words and actions in relation to other students in multiple professions and other health care faculties.
534	IP-02-04-01	病院・診療所・施設等の職場環境やチームや部門等の所属に応じた他職種の役割を理解している。	Understands the roles of other professions according to the work environment of the hospital, clinic, facility, etc. and their affiliations such as teams, departments, etc.
535	SO-01-01-01	公衆衛生の概念を理解している。	Understand the concept of public health.
536	SO-01-01-02	地域共生社会の概念を理解している。	Understand the concept of community symbiosis.
537	SO-01-01-03	予防の段階とそれらの戦略を理解している。	Understand the stages of prevention and their strategies.
538	SO-01-01-04	公衆衛生活動（健診、健康づくりイベント等）の意義を理解し、役割の一部を担うことができる。	Understand the significance of public health activities (health checkups, health promotion events, etc.) and be able to play a part in their roles.
539	SO-01-02-01	生存権等の健康に関する基本的人権と社会保障（社会保険、社会福祉、公的扶助）の意義と概要を理解している。	Understand the significance and outline of basic human rights to health, such as the right to life, and social security (social insurance, social welfare, and public assistance).
540	SO-01-02-02	国民皆保険としての医療保険、介護保険、年金保険を含む社会保険の仕組みと問題点を理解し、改善策を議論できる。	Understand the structure and problems of social insurance, including medical insurance, long-term care insurance, and pension insurance as universal health insurance, and be able to discuss measures for improvement.
541	SO-01-02-03	障害者の日常生活及び社会生活を総合的に支援するための法律（障害者総合支援法）等の障害者福祉の概要を理解している。	Understand the outline of welfare for persons with disabilities such as the Act for Comprehensive Support for Persons with Disabilities (Act on Comprehensive Support for Persons with Disabilities) to comprehensively support the daily life and social life of persons with disabilities.
542	SO-01-03-01	保健所、市町村保健センター、地方衛生研究所の役割を理解している。	Understand the role of health centers, municipal health centers, and local health laboratories.
543	SO-01-03-02	健康増進法、栄養、身体活動、休養等の健康増進施策の意義と概要を理解している。	Understand the significance and overview of health promotion policies such as health promotion laws, nutrition, physical activity, and rest.
544	SO-01-03-03	地域保健に関連する基本的な制度や法律を理解している。	Understand basic systems and laws related to community health.
545	SO-01-03-04	精神保健及び精神障害者福祉の意義及び関連する制度や法律を理解している。	Understand the significance of mental health and welfare for the mentally disabled and related systems and laws.
546	SO-01-03-05	成育基本法、母子保健法、母体保護法、児童福祉法、児童虐待防止法等、母子保健施策の意義と概要を理解している。	Understand the significance and outline of maternal and child health care policies, including the Basic Act on Child Rearing, the Maternal and Child Health Care Act, the Maternal Protection Act, the Child Welfare Act, and the Child Abuse Prevention Act.
547	SO-01-03-06	学校保健安全法、学校医の役割、学校感染症等、学校保健の意義と概要を理解している。	Understand the significance and overview of school health, including the School Health and Safety Act, the role of school physicians, and school infectious diseases.
548	SO-01-04-01	産業保健の意義、労働衛生の3管理等、産業保健の基本的な考え方を理解している。	Understand the basic concepts of occupational health, including the significance of occupational health and 3 management of occupational health.
549	SO-01-04-02	産業保健・環境保健に関連する基本的な制度や法律を理解している。	Understand basic systems and laws related to occupational and environmental health.
550	SO-01-04-03	労働災害及び職業性疾病とのその対策を理解している。	Understand occupational accidents and occupational diseases and their countermeasures.
551	SO-01-04-04	有害物質による産業中毒とその対策を理解している。	Understand industrial poisoning by hazardous substances and its countermeasures.
552	SO-01-05-01	健康危機の概念と種類、それらへの対応（リスクコミュニケーションを含む）について理解している。	Understand the concept and types of health crises and how to respond to them (including risk communication).
553	SO-01-05-02	健康危機管理（感染症、放射線事故、災害等の有事）に関連する基本的な制度や法律を理解している。	Understand basic systems and laws related to health risk management (infectious diseases, radiation accidents, disasters and other contingencies).
554	SO-01-05-03	災害拠点病院、種々の活動チーム等、災害保健医療の意義を理解している。	Understand the significance of disaster health care, including disaster base hospitals and various activity teams.
555	SO-02-01-01	主な人口統計（人口静態と人口動態）、疾病・障害の分類・統計（ICD等）を理解している。	Understand the main demographic statistics (demographic statics and demographics), classification and statistics of diseases and disabilities (ICD, etc.).
556	SO-02-01-02	平均寿命、健康寿命について説明できる。	Explain life expectancy and healthy life expectancy.
557	SO-02-02-01	公衆衛生と臨床の視点から見た疫学の役割を理解している。	Understand the role of epidemiology from a public health and clinical perspective.
558	SO-02-02-02	割合・比・率の違い及び代表的な疫学指標（有病割合、リスク比、罹患率等）を理解している。	Understand the difference between proportions, ratios, and rates and typical epidemiological indicators (prevalence rates, risk ratios, incidence rates, etc.).
559	SO-02-02-03	主なバイアスや交絡を例示できる。	Can give examples of major biases and confounding.
560	SO-02-02-04	年齢調整における直接法と間接法の違いを説明できる。	Explain the difference between direct and indirect methods in age adjustment.
561	SO-02-02-05	主な疫学の研究デザインとして、観察研究（記述研究、横断研究、症例対照研究、コホート研究）及び介入研究（ランダム化比較試験等）を理解している。	Understand the major epidemiology study designs: observational (descriptive, cross-sectional, case-control, and cohort studies) and interventional (randomized controlled trials, etc.).
562	SO-02-02-06	急性感染症に特異的な疫学的アプローチを理解している。	Understand epidemiologic approaches specific to acute infectious diseases.
563	SO-02-02-07	エビデンスの限界を踏まえながら、集団に影響する意思決定を支援できる。	Able to support decisions that affect populations while taking into account the limitations of the evidence.
564	SO-02-03-01	尺度（間隔、比、順序、名義）について説明できる。	Describe scales (interval, ratio, ordinal, nominal).
565	SO-02-03-02	データの分布（欠損値を含む）について説明できる。	Can explain the distribution of data (including missing values).
566	SO-02-03-03	正規分布の母平均の信頼区間について説明できる。	Explain confidence intervals for the population mean of a normal distribution.
567	SO-02-03-04	相関分析、平均値と割合の検定等を実施できる。	Able to perform correlation analysis, tests of means and proportions, etc.
568	SO-02-03-05	多変量解析の意義を理解している。	Understand the significance of multivariate analysis.
569	SO-03-01-01	植物状態、脳死、心臓死及び脳死判定について理解している。	Understand vegetative state, brain death, cardiac death and brain death determination.
570	SO-03-01-02	異状死・異状死体の取扱いと死体検案について理解している。	Understands the handling of unusual deaths and unusual corpses and the examination of corpses.
571	SO-03-01-03	死亡診断書と死体検案書を作成できる。	Able to prepare death certificates and medical examiner's notes.
572	SO-03-01-04	個人識別の方法を理解している。	Understand how to identify individuals.
573	SO-03-01-05	病理解剖、法医解剖（司法解剖、行政解剖、死因・身元調査法解剖、承諾解剖）について理解している。	Understand pathological autopsy and forensic autopsy (judicial autopsy, administrative autopsy, cause of death/identification method autopsy, and consent autopsy).
574	SO-04-01-01	健康寿命を延ばすために働きかけを行うことができる。	Work to extend healthy life expectancy.
575	SO-04-01-02	バリアフリー等の障害と社会環境に関連する概念を理解した行動をとることができる。	Able to act with an understanding of concepts related to disability and the social environment, such as barrier-free access.
576	SO-04-02-01	女性やLGBTQに対する差別等のジェンダー不平等をなくすために積極的な行動をとることができる。	Take positive action to end gender inequality, including discrimination against women and LGBTQ.
577	SO-04-03-01	気候変動と医療との関係性を理解し、患者が抱える健康に関する課題と気候変動との関係を想像できる。	Understand the relationship between climate change and health care and be able to imagine the relationship between health challenges faced by patients and climate change.
578	SO-04-03-02	自然災害（新興感染症を含む）が起きた際に必要とされる医師の役割を理解している。	Understand the role of physicians needed in the event of a natural disaster (including emerging infectious diseases).
579	SO-04-04-01	近現代思想・哲学の語彙の概要を理解している。	An overview of the vocabulary of modern and contemporary thought and philosophy.
580	SO-04-05-01	医学・医療の歴史的変遷を踏まえ現代の医学的問題を相対化できる。	Be able to relativize contemporary medical problems in light of the historical evolution of medicine and medical care.
581	SO-04-06-01	経済が医療に与える影響について理解している。	Understand the impact of the economy on health care.
582	SO-04-07-01	医療資源を公平に分配するとはどういうことか考え、自らの意見を述べることができる。	Think about what it means to distribute health care resources fairly, and express their own opinions.
583	SO-05-01-01	医師法が定める医師の職権と義務を理解している。	Understands the professional rights and duties of physicians as defined by the Medical Practitioners Act.
584	SO-05-01-02	医療職を規定する法律・制度を説明できる。	Explain the laws and systems governing the medical profession.
585	SO-05-01-03	医療法が定める医療施設の種類と機能について概要を理解している。	Have an overview of the types and functions of medical facilities as defined by the Medical Care Act.
586	SO-05-01-04	医療計画について概要を理解している。	Have an overview of health care planning.
587	SO-05-01-05	地域医療提供体制に関する諸課題の相互関連性の概要を理解している。	Understand an overview of the interconnectedness of various issues related to the regional healthcare delivery system.
588	SO-05-01-06	医療提供体制と医師の働き方について自身の考えを述べることができる。	Can express his/her own ideas about the healthcare delivery system and the way physicians work.
589	SO-05-02-01	国際的に取り組む必要のある医療・健康課題について、歴史・社会的背景を踏まえて、概要を理解している。	An overview of medical and health issues that need to be addressed internationally, with historical and social background.
590	SO-05-02-02	ユニバーサル・ヘルス・カバレッジの意義を理解し、世界各国の医療制度が抱える問題を例示できる。	Understand the significance of universal health coverage and be able to give examples of problems faced by health care systems around the world.
591	SO-05-02-03	保健関連の国連開発目標や国際機関・国際協力に関わる組織・団体について概要を理解している。	Have an overview of health-related United Nations development goals and organizations and groups involved in international agencies and international cooperation.
592	SO-06-01-01	日常生活や外来診療・在宅療養・入院・施設入所等において、健康・病気・死の捉え方を探索できる。	The student will be able to explore ways of perceiving health, illness, and death in daily life and in outpatient care, home care, hospitalization, and institutionalization.
593	SO-06-01-02	時代の流れ、社会の状況や諸制度との関わりのなかで医療に関する諸事象を捉え、構造的に説明できる。	To be able to understand and structurally explain various medical phenomena in relation to current trends, social conditions, and various systems.
594	SO-06-01-03	個や集団に及ぼす文化・慣習による影響（コミュニケーションの在り方等）を理解している。	Understand the influence of culture and customs on individuals and groups (e.g., the nature of communication).
